1,100,#f4ed7c
2,100 C,#f7ea5f
3,100 U,#fef27e
4,101,#f4ed47
5,101 C,#f8e946
6,101 U,#ffef65
7,102,#f9e814
8,102 C,#fde300
9,102 U,#ffec28
10,103,#c6ad0f
11,103 C,#c6a900
12,103 U,#b59e28
13,104,#ad9b0c
14,104 C,#b19700
15,104 U,#9b8c37
16,105,#82750f
17,105 C,#8b7a27
18,105 U,#7d7446
19,106,#f7e859
20,106 C,#fbe343
21,106 U,#ffea65
22,107,#f9e526
23,107 C,#fee01e
24,107 U,#ffe450
25,108,#f9dd16
26,108 U,#ffdc32
27,109,#f9d616
28,109 C,#ffd100
29,109 U,#ffc700
30,110,#d8b511
31,110 C,#dba900
32,110 U,#cd9f24
33,111,#aa930a
34,111 C,#ac8900
35,111 U,#9b8638
36,112,#99840a
37,112 C,#9d830f
38,112 U,#8a7a3e
39,113,#f9e55b
40,113 C,#fddf50
41,113 U,#ffe05e
42,114,#f9e24c
43,114 C,#fedd3c
44,114 U,#ffd847
45,115,#f9e04c
46,115 C,#ffd923
47,115 U,#ffcd29
48,116,#fcd116
49,116 C,#ffcd00
50,116 U,#ffb408
51,117,#c6a00c
52,117 C,#cc9700
53,117 U,#b78b2e
54,118,#aa8e0a
55,118 C,#ae8400
56,118 U,#9e8038
57,119,#897719
58,119 C,#8a731f
59,119 U,#847647
60,120,#f9e27f
61,120 C,#feda63
62,120 U,#ffd968
63,1205,#f7e8aa
64,1205 C,#f9df8d
65,1205 U,#ffe394
66,121,#f9e070
67,121 C,#ffd755
68,121 U,#ffcb50
69,1215,#f9e08c
70,1215 C,#fed671
71,1215 U,#ffd97c
72,122,#fcd856
73,122 C,#ffd03e
74,122 U,#ffc03d
75,1225,#ffcc49
76,1225 C,#ffc842
77,1225 U,#ffba4d
78,123,#ffc61e
79,123 C,#ffc627
80,123 U,#ffac25
81,1235,#fcb514
82,1235 C,#ffb718
83,1235 U,#ffad38
84,124,#e0aa0f
85,124 C,#eda900
86,124 U,#d99132
87,1245,#bf910c
88,1245 C,#c9910d
89,1245 U,#bb8a3f
90,125,#b58c0a
91,125 C,#b78400
92,125 U,#a6803a
93,1255,#a37f14
94,1255 C,#af841d
95,1255 U,#a18045
96,126,#a38205
97,126 C,#9d760c
98,126 U,#8e7641
99,1265,#7c6316
100,1265 C,#8a6b24
101,1265 U,#887447
102,127,#f4e287
103,127 C,#f5db6b
104,127 U,#fce182
105,128,#f4db60
106,128 C,#f7d44b
107,128 U,#fecd60
108,129,#f2d13d
109,129 C,#f6ce3c
110,129 U,#fead3c
111,130,#eaaf0f
112,130 C,#f7a700
113,130 U,#fc992e
114,131,#c6930a
115,131 C,#d08900
116,131 U,#be7e33
117,132,#9e7c0a
118,132 C,#a37300
119,132 U,#99793d
120,133,#705b0a
121,133 C,#6e561b
122,133 U,#7c6f46
123,134,#ffd87f
124,134 C,#ffd16c
125,134 U,#ffd276
126,1345,#ffd691
127,1345 C,#fecf84
128,1345 U,#ffd490
129,135,#fcc963
130,135 C,#ffc556
131,135 U,#ffc265
132,1355,#fcce87
133,1355 C,#ffc56c
134,1355 U,#ffc87e
135,136,#fcbf49
136,136 C,#ffbf3b
137,136 U,#ffac48
138,1365,#fcba5e
139,1365 C,#ffb546
140,1365 U,#ffac5a
141,137,#fca311
142,137 C,#ffa300
143,137 U,#ffa035
144,1375,#f99b0c
145,1375 C,#ff9e15
146,1375 U,#ff993e
147,138,#d88c02
148,138 C,#e17c00
149,138 U,#d57b2f
150,1385,#cc7a02
151,1385 C,#d87800
152,1385 U,#cf7d3d
153,139,#af7505
154,139 C,#b26d00
155,139 U,#9e6e3c
156,1395,#996007
157,1395 C,#9c5f15
158,1395 U,#956d42
159,140,#7a5b11
160,140 C,#755319
161,140 U,#806944
162,1405,#6b4714
163,1405 C,#704b1c
164,1405 U,#7a6446
165,141,#f2ce68
166,141 C,#f6c55b
167,141 U,#fbbf6d
168,142,#f2bf49
169,142 C,#f5bd47
170,142 U,#fbae5c
171,143,#efb22d
172,143 C,#f6b333
173,143 U,#fb9e4e
174,144,#e28c05
175,144 C,#f38a00
176,144 U,#f78a3b
177,145,#c67f07
178,145 C,#d57e00
179,145 U,#cc7d38
180,146,#9e6b05
181,146 C,#ab6b0e
182,146 U,#9e7340
183,147,#725e26
184,147 C,#735b28
185,147 U,#776849
186,148,#ffd69b
187,148 C,#ffcb8a
188,148 U,#ffc586
189,1485,#ffb777
190,1485 C,#ffad5e
191,1485 U,#ffa660
192,149,#fccc93
193,149 C,#ffc27a
194,149 U,#ffb573
195,1495,#ff993f
196,1495 C,#ff8f12
197,1495 U,#ff934e
198,150,#fcad56
199,150 C,#ffb258
200,150 U,#ff9954
201,1505,#f47c00
202,1505 C,#ff6a00
203,1505 U,#ff8135
204,151,#f77f00
205,151 C,#ff8300
206,151 U,#ff873b
207,152,#dd7500
208,152 C,#e97200
209,152 U,#e3793d
210,1525,#b55400
211,1525 C,#bd4600
212,1525 U,#be6437
213,153,#bc6d0a
214,153 C,#c16a10
215,153 U,#ad6e41
216,1535,#8c4400
217,1535 C,#974508
218,1535 U,#976240
219,154,#995905
220,154 C,#9e5916
221,154 U,#926743
222,1545,#4c280f
223,1545 C,#683816
224,1545 U,#7b5e48
225,155,#f4dbaa
226,155 C,#f3d09e
227,155 U,#fac895
228,1555,#f9bf9e
229,1555 C,#ffb98d
230,1555 U,#ffc29c
231,156,#f2c68c
232,156 C,#f2bc7b
233,156 U,#fbb883
234,1565,#fca577
235,1565 C,#ffa167
236,1565 U,#ffaa81
237,157,#eda04f
238,157 C,#f19f53
239,157 U,#f69462
240,1575,#fc8744
241,1575 C,#ff7e2e
242,1575 U,#ff9562
243,158,#e87511
244,158 C,#ef7521
245,158 U,#f37d4a
246,1585,#f96b07
247,1585 C,#ff6b0b
248,1585 U,#ff844e
249,159,#c66005
250,159 C,#d25d12
251,159 U,#cd6f46
252,1595,#d15b05
253,1595 C,#dc5f13
254,1595 U,#d77045
255,160,#9e540a
256,160 C,#a5541a
257,160 U,#a06a45
258,1605,#a04f11
259,1605 C,#a95521
260,1605 U,#a86b4b
261,161,#633a11
262,161 C,#633c20
263,161 U,#776149
264,1615,#843f0f
265,1615 C,#8e471e
266,1615 U,#946449
267,162,#f9c6aa
268,162 C,#ffbe9e
269,162 U,#ffba98
270,1625,#f9a58c
271,1625 C,#ffa388
272,1625 U,#ffa88f
273,163,#fc9e70
274,163 C,#ff9d6b
275,163 U,#ff9b75
276,1635,#f98e6d
277,1635 C,#ff8d6a
278,1635 U,#ff967c
279,164,#fc7f3f
280,164 C,#ff7f3f
281,164 U,#ff855d
282,1645,#f97242
283,1645 C,#ff6b35
284,1645 U,#ff7f60
285,165,#f96302
286,165 C,#ff661b
287,165 U,#ff7546
288,1655,#f95602
289,1655 C,#ff4c00
290,1655 U,#ff704b
291,166,#dd5900
292,166 C,#e75200
293,166 U,#e5653e
294,1665,#dd4f05
295,1665 C,#e24301
296,1665 U,#e96847
297,167,#bc4f07
298,167 C,#c25219
299,167 U,#b76546
300,1675,#a53f0f
301,1675 C,#ad431c
302,1675 U,#ac6149
303,168,#6d3011
304,168 C,#75381b
305,168 U,#8b614b
306,1685,#843511
307,1685 C,#86391f
308,1685 U,#96604d
309,169,#f9baaa
310,169 C,#ffb4aa
311,169 U,#ffb7ac
312,170,#f98972
313,170 C,#ff8671
314,170 U,#ff8d7c
315,171,#f9603a
316,171 C,#ff5b34
317,171 U,#ff7762
318,172,#f74902
319,172 C,#ff4611
320,172 U,#ff674a
321,173,#d14414
322,173 C,#d3441c
323,173 U,#d06149
324,174,#933311
325,174 C,#99381f
326,174 U,#9d5b49
327,175,#6d3321
328,175 C,#6d3527
329,175 U,#7e584c
330,176,#f9afad
331,176 C,#ffb1b8
332,1765,#f99ea3
333,1765 C,#ffa4b3
334,1765 U,#ffa7b4
335,1767,#f9b2b7
336,1767 C,#ffafbf
337,1767 U,#ffbac8
338,177,#f9827f
339,177 C,#ff8188
340,177 U,#ff8c8f
341,1775,#f9848e
342,1775 C,#ff8e9e
343,1775 U,#ff8b97
344,1777,#fc6675
345,1777 C,#ff637d
346,1777 U,#ff808f
347,178,#f95e59
348,178 C,#ff5859
349,178 U,#ff7675
350,1785,#fc4f59
351,1785 C,#ff485b
352,1785 U,#ff6570
353,1787,#f43f4f
354,1787 C,#fb3448
355,1787 U,#ff636f
356,1788,#ef2b2d
357,1788 C,#f42434
358,1788 U,#fe5c61
359,179,#e23d28
360,179 C,#e53c2e
361,179 U,#e55f53
362,1795,#d62828
363,1795 C,#d8262e
364,1795 U,#dd5958
365,1797,#cc2d30
366,1797 C,#d03238
367,1797 U,#ce4e51
368,180,#c13828
369,180 C,#c33a32
370,180 U,#c06058
371,1805,#af2626
372,1805 C,#b3272d
373,1805 U,#b65957
374,1807,#a03033
375,1807 C,#a83338
376,1807 U,#a95051
377,181,#7c2d23
378,181 C,#84322c
379,181 U,#8b5951
380,1810,#7c211e
381,1815 C,#802528
382,1815 U,#905651
383,1817,#5b2d28
384,1817 C,#663233
385,1817 U,#7a5352
386,182,#f9bfc1
387,182 C,#febbca
388,182 U,#ffb8c8
389,183,#fc8c99
390,183 C,#ff9bb1
391,183 U,#ff8da2
392,184,#fc5e72
393,184 C,#fc5272
394,184 U,#ff6d82
395,185,#e8112d
396,185 C,#eb0028
397,185 U,#f7505f
398,186,#ce1126
399,186 C,#cf0a2c
400,186 U,#d6515d
401,187,#af1e2d
402,187 C,#ab162b
403,187 U,#b15359
404,188,#7c2128
405,188 C,#79232e
406,188 U,#8a5457
407,189,#ffa3b2
408,189 C,#fda3ba
409,189 U,#ffabc0
410,1895,#fcbfc9
411,1895 C,#f8b5cc
412,1895 U,#ffb3cc
413,190,#fc758e
414,190 C,#fb7497
415,190 U,#ff87a1
416,1905,#fc9bb2
417,1905 C,#fa9aba
418,1905 U,#ff9bb9
419,191,#f4476b
420,191 C,#f5416c
421,191 U,#fc6e88
422,1915,#f4547c
423,1915 C,#f54b7f
424,1915 U,#fb6f91
425,192,#e5053a
426,192 C,#ec0044
427,192 U,#f45269
428,1925,#e00747
429,1925 C,#e9004b
430,1925 U,#ee4e6c
431,193,#db828c
432,193 C,#c5093b
433,193 U,#c95163
434,1935,#c10538
435,1935 C,#cb003c
436,1935 U,#ce4b61
437,194,#992135
438,194 C,#a02741
439,194 U,#a65863
440,1945,#a80c35
441,1945 C,#ac063c
442,1945 U,#b35467
443,195 C,#7b2f3e
444,195 U,#895a61
445,1955,#931638
446,1955 C,#8f1336
447,1955 U,#9a5261
448,196,#f4c9c9
449,196 C,#efc6cd
450,196 U,#f7c2ca
451,197,#ef99a3
452,197 C,#ee9aac
453,197 U,#f59fb1
454,198,#772d35
455,198 C,#e74260
456,198 U,#ee687b
457,199,#d81c3f
458,199 C,#dc0031
459,199 U,#e34d5f
460,200,#c41e3a
461,200 C,#c2002f
462,200 U,#c24c5a
463,2001 C,#f7e49a
464,2001 U,#ffeb9f
465,2002 C,#f9e17d
466,2002 U,#ffe683
467,2003 C,#fae167
468,2003 U,#ffe774
469,2004 C,#fbdc7a
470,2004 U,#ffe17e
471,2005 C,#fed781
472,2005 U,#ffda82
473,2006 C,#ecbc4d
474,2006 U,#f2bf65
475,2007 C,#e1a423
476,2007 U,#e3a753
477,2008 C,#f2be70
478,2008 U,#fabc77
479,2009 C,#f2b562
480,2009 U,#fbaf6a
481,201,#a32638
482,201 C,#a31f34
483,201 U,#a4565e
484,2010 C,#ffad00
485,2010 U,#ffb300
486,2011 C,#f19933
487,2011 U,#f89756
488,2012 C,#f39500
489,2012 U,#fb9841
490,2013 C,#ff9800
491,2013 U,#ffa01f
492,2014 C,#bb7000
493,2014 U,#bd823d
494,2015 C,#f8cea6
495,2015 U,#ffd9b5
496,2016 C,#ffb771
497,2016 U,#ffc286
498,2017 C,#f8ad6a
499,2017 U,#ffb77f
500,2018 C,#ff7600
501,2018 U,#ff8a3d
502,2019 C,#da6c00
503,2019 U,#e08449
504,202,#8c2633
505,202 C,#8b2331
506,202 U,#92575d
507,2020 C,#c05400
508,2020 U,#c9713b
509,2021 C,#9f4812
510,2021 U,#a7633d
511,2022 C,#feaa8c
512,2022 U,#ffa98e
513,2023 C,#fd936e
514,2023 U,#ff9b7f
515,2024 C,#fd7b55
516,2024 U,#ff876e
517,2025 C,#ff8a39
518,2025 U,#ff955e
519,2026 C,#fa6238
520,2026 U,#ff755e
521,2027 C,#f3523e
522,2027 U,#fa6a62
523,2028 C,#f13000
524,2028 U,#f64f35
525,2029 C,#f7817d
526,2029 U,#fb8583
527,203,#f2afc1
528,203 C,#f0b2c9
529,203 U,#f8b0cb
530,2030 C,#e17973
531,2030 U,#ea8c89
532,2031 C,#da6764
533,2031 U,#e07b7b
534,2032 C,#d45856
535,2032 U,#d77170
536,2033 C,#ca4543
537,2033 U,#cd6866
538,2034 C,#ec3a3d
539,2034 U,#f25f62
540,2035 C,#dc001b
541,2035 U,#e43f41
542,2036 C,#f8bdd5
543,2036 U,#ffc3da
544,2037 C,#f695c5
545,2037 U,#ff9bca
546,2038 C,#f460a1
547,2038 U,#f772a5
548,2039 C,#ea3986
549,2039 U,#ef5b8e
550,204,#ed7a9e
551,204 C,#ec80a8
552,204 U,#f481a4
553,2040 C,#e1075a
554,2040 U,#e34068
555,2041 C,#a3234c
556,2041 U,#a44e63
557,2042 C,#72273b
558,2042 U,#7e4e56
559,2043 C,#e9c3d1
560,2043 U,#f0c0d1
561,2044 C,#e993b5
562,2044 U,#ec93b5
563,2045 C,#e0739e
564,2045 U,#e07b9e
565,2046 C,#d25788
566,2046 U,#cf6c8d
567,2047 C,#a7466e
568,2047 U,#a05f77
569,2048 C,#983a5f
570,2048 U,#965a6e
571,2049 C,#862d4a
572,2049 U,#8c5463
573,205,#e54c7c
574,205 C,#e7417a
575,205 U,#ea5f83
576,2050 C,#efd6e4
577,2050 U,#f7dbe8
578,2051 C,#ddc0cf
579,2051 U,#e5c7d4
580,2052 C,#cb9fb6
581,2052 U,#cfa5b9
582,2053 C,#b67e9d
583,2053 U,#ba8aa3
584,2054 C,#a06f8c
585,2054 U,#a47c92
586,2055 C,#925d7b
587,2055 U,#997187
588,2056 C,#814766
589,2056 U,#8a657a
590,2057 C,#d291b7
591,2057 U,#db9fbf
592,2058 C,#bb85a9
593,2058 U,#b285a4
594,2059 C,#ba7aa0
595,2059 U,#bb83a2
596,206,#d30547
597,206 C,#d60036
598,206 U,#de4164
599,2060 C,#cb6aa6
600,2060 U,#cc7aaa
601,2061 C,#b15188
602,2061 U,#b66f93
603,2062 C,#b7448c
604,2062 U,#b25f8e
605,2063 C,#a9307b
606,2063 U,#a3537f
607,2064 C,#e1a0d2
608,2064 U,#e394cb
609,2065 C,#dfa7dc
610,2065 U,#e1a0da
611,2066 C,#d38dd2
612,2066 U,#d68cd1
613,2067 C,#c269c1
614,2067 U,#c174bf
615,2068 C,#b44fb3
616,2068 U,#b364b2
617,2069 C,#a738a6
618,2069 U,#a85aa7
619,207,#baaa9e
620,207 C,#ab0032
621,207 U,#b34b63
622,2070 C,#911d92
623,2070 U,#964b95
624,2071 C,#c7b1dd
625,2071 U,#ccb3e1
626,2072 C,#b896d3
627,2072 U,#ba98d5
628,2073 C,#b094d2
629,2073 U,#ad95d3
630,2074 C,#9669bd
631,2074 U,#9776bb
632,2075 C,#8765bb
633,2075 U,#8c75ba
634,2076 C,#8558b3
635,2076 U,#8c6db2
636,2077 C,#6e3fa0
637,2077 U,#75579d
638,2078 C,#b59dbc
639,2078 U,#bea6c1
640,2079 C,#9c7da2
641,2079 U,#a58baa
642,208,#8e2344
643,208 C,#8b1c40
644,208 U,#935466
645,2080 C,#9872ab
646,2080 U,#987aa9
647,2081 C,#875d9c
648,2081 U,#8d6f9e
649,2082 C,#7a4d90
650,2082 U,#836894
651,2083 C,#965dc7
652,2083 U,#9c71c8
653,2084 C,#8037b1
654,2084 U,#8a5db2
655,2085 C,#dfcce6
656,2085 U,#e9d3ec
657,2086 C,#a08acb
658,2086 U,#a28fcc
659,2087 C,#9d7cd3
660,2087 U,#a085d7
661,2088 C,#835cc7
662,2088 U,#866cc5
663,2089 C,#7148bc
664,2089 U,#7a61b9
665,209,#75263d
666,209 C,#73243c
667,209 U,#835664
668,2090 C,#653ab6
669,2090 U,#755ab2
670,2091 C,#4b16a0
671,2091 U,#674da0
672,2092 C,#b9aad4
673,2092 U,#b7aad8
674,2093 C,#a597c1
675,2093 U,#a697bf
676,2094 C,#8e7eac
677,2094 U,#9284ac
678,2095 C,#7965b2
679,2095 U,#7f72af
680,2096 C,#664da1
681,2096 U,#776aa6
682,2097 C,#6045b9
683,2097 U,#6f5eb7
684,2098 C,#4527a9
685,2098 U,#6654a8
686,2099 C,#b1a2ca
687,2099 U,#aea0c9
688,210,#ffa0bf
689,210 C,#fd9fc8
690,210 U,#ffa2ca
691,2100 C,#9e8ec9
692,2100 U,#a495cc
693,2101 C,#8974d1
694,2101 U,#8c7cd0
695,2102 C,#6457b0
696,2102 U,#726bad
697,2103 C,#5848a5
698,2103 U,#6b63a4
699,2104 C,#483697
700,2104 U,#655c9b
701,2105 C,#36217b
702,2105 U,#615085
703,2106 C,#b0b4cd
704,2106 U,#b4b8d2
705,2107 C,#8f98b9
706,2107 U,#97a0be
707,2108 C,#777ea9
708,2108 U,#7f87a8
709,2109 C,#696b99
710,2109 U,#757b9c
711,211,#ff77a8
712,211 C,#fb7eb4
713,211 U,#ff85b4
714,2110 C,#5a5f8f
715,2110 U,#6e7494
716,2111 C,#444c7e
717,2111 U,#636989
718,2112 C,#322164
719,2112 U,#54476e
720,2113 C,#a4afe3
721,2113 U,#a7b1e7
722,2114 C,#838cc9
723,2114 U,#929cd1
724,2115 C,#6e78bd
725,2115 U,#838dc5
726,2116 C,#5e66b1
727,2116 U,#7a80ba
728,2117 C,#44489b
729,2117 U,#6568a1
730,2118 C,#323578
731,2118 U,#595a83
732,2119 C,#2a2d64
733,2119 U,#555577
734,212,#f94f8e
735,212 C,#f55096
736,212 U,#f96d9c
737,2120 C,#bdcaea
738,2120 U,#b3c3eb
739,2121 C,#8cabd8
740,2121 U,#8da9d9
741,2122 C,#9aade3
742,2122 U,#8da4e2
743,2123 C,#7892dd
744,2123 U,#738bda
745,2124 C,#6e7bd3
746,2124 U,#6b77cd
747,2125 C,#4f62c8
748,2125 U,#646cc3
749,2126 C,#273bb2
750,2126 U,#565baf
751,2127 C,#b6c8e1
752,2127 U,#b9cbe4
753,2128 C,#95b4e4
754,2128 U,#94b3e6
755,2129 C,#5a8cda
756,2129 U,#6a8edb
757,213,#ea0f6b
758,213 C,#ea1d75
759,213 U,#ee5483
760,2130 C,#5075d0
761,2130 U,#637ace
762,2131 C,#2e5bbe
763,2131 U,#586bba
764,2132 C,#0056c1
765,2132 U,#4e6dc3
766,2133 C,#1356a4
767,2133 U,#5470a9
768,2134 C,#90a4cf
769,2134 U,#9daed6
770,2135 C,#738bbf
771,2135 U,#8397c7
772,2136 C,#8293b8
773,2136 U,#8493b5
774,2137 C,#6c7eaa
775,2137 U,#7784a7
776,2138 C,#627592
777,2138 U,#6d798f
778,2139 C,#4c6896
779,2139 U,#627496
780,214,#cc0256
781,214 C,#d50f67
782,214 U,#d65079
783,2140 C,#375182
784,2140 U,#586689
785,2141 C,#88bde8
786,2141 U,#7fb8e9
787,2142 C,#7bace3
788,2142 U,#87b1e7
789,2143 C,#3485cc
790,2143 U,#5c8ccc
791,2144 C,#0065ba
792,2144 U,#4b79bc
793,2145 C,#004ca7
794,2145 U,#416bad
795,2146 C,#00348e
796,2146 U,#315193
797,2147 C,#002576
798,2147 U,#3f4e84
799,2148 C,#5e8fb3
800,2148 U,#7094b5
801,2149 C,#4b80a7
802,2149 U,#6488a9
803,215,#a50544
804,215 C,#af1556
805,215 U,#b1506f
806,2150 C,#32739d
807,2150 U,#5d7e9f
808,2151 C,#2169a2
809,2151 U,#52739e
810,2152 C,#156390
811,2152 U,#517292
812,2153 C,#00537d
813,2153 U,#4e6a87
814,2154 C,#00447f
815,2154 U,#435f86
816,2155 C,#9cb4cb
817,2155 U,#a2b9d0
818,2156 C,#8aa4c0
819,2156 U,#8ea8c4
820,2157 C,#7192b4
821,2157 U,#7c95b4
822,2158 C,#5881a6
823,2158 U,#6d89a8
824,2159 C,#4b759b
825,2159 U,#66809e
826,216,#7c1e3f
827,216 C,#802145
828,216 U,#8b5465
829,2160 C,#3d6891
830,2160 U,#5d7694
831,2161 C,#245681
832,2161 U,#4f6988
833,2162 C,#9da4b3
834,2162 U,#9ca3b2
835,2163 C,#849aaf
836,2163 U,#8ea0b2
837,2164 C,#7c92a7
838,2164 U,#8396a9
839,2165 C,#667f98
840,2165 U,#748699
841,2166 C,#54718a
842,2166 U,#6b7d90
843,2167 C,#4d6b86
844,2167 U,#647689
845,2168 C,#22495c
846,2168 U,#556774
847,2169 C,#7faed2
848,2169 U,#80afd3
849,217,#f4bfd1
850,217 C,#eebdda
851,217 U,#f6c0e1
852,2170 C,#5a9ac6
853,2170 U,#6094c0
854,2171 C,#3f9edf
855,2171 U,#4c95dc
856,2172 C,#0079d0
857,2172 U,#5284d3
858,2173 C,#0083d6
859,2173 U,#3c81d1
860,2174 C,#0075cf
861,2174 U,#3379cb
862,2175 C,#0068c7
863,2175 U,#2072c2
864,2176 C,#a4b7bf
865,2176 U,#b2c2cb
866,2177 C,#7d9eab
867,2177 U,#8da7b3
868,2178 C,#688d9c
869,2178 U,#7c97a3
870,2179 C,#4f7888
871,2179 U,#6d8896
872,218,#ed72aa
873,218 C,#eb6baf
874,218 U,#f482b8
875,2180 C,#3c6b7e
876,2180 U,#607a88
877,2181 C,#29596b
878,2181 U,#576f7c
879,2182 C,#12485b
880,2182 U,#526975
881,2183 C,#0090bd
882,2183 U,#3b91ba
883,2184 C,#0082d4
884,2184 U,#2d88d5
885,2185 C,#0074a6
886,2185 U,#357ea6
887,2186 C,#004787
888,2186 U,#225e8e
889,2187 C,#004477
890,2187 U,#375c7e
891,2188 C,#00406a
892,2188 U,#3a5b78
893,2189 C,#003248
894,2189 U,#435768
895,219,#e22882
896,219 C,#e11282
897,219 U,#e95b95
898,2190 C,#4fb5e5
899,2190 U,#4eb1e9
900,2191 C,#00a1e1
901,2191 U,#36a2e4
902,2192 C,#008edb
903,2192 U,#0095dd
904,2193 C,#008fdb
905,2193 U,#148cd9
906,2194 C,#0083d5
907,2194 U,#008bd6
908,2195 C,#0074ce
909,2195 U,#267dcd
910,2196 C,#0067b1
911,2196 U,#0165a0
912,2197 C,#6ed0e7
913,2197 U,#63d1ea
914,2198 C,#3ec7e4
915,2198 U,#30c7e7
916,2199 C,#00b8dd
917,2199 U,#00b8de
918,220,#aa004f
919,220 C,#ab004e
920,220 U,#b44a73
921,2200 C,#00a6c6
922,2200 U,#3ea8c7
923,2201 C,#00abd8
924,2201 U,#00acd7
925,2202 C,#00a2e0
926,2202 U,#00a8e4
927,2203 C,#0085ae
928,2203 U,#178bae
929,2204 C,#adcbd7
930,2204 U,#aaccd9
931,2205 C,#88b1c4
932,2205 U,#86b0c5
933,2206 C,#769db4
934,2206 U,#7ea1b7
935,2207 C,#6198b2
936,2207 U,#6f9bb3
937,2208 C,#5287a3
938,2208 U,#668da3
939,2209 C,#4684a0
940,2209 U,#648ca4
941,221,#930042
942,221 C,#970047
943,221 U,#a14c6c
944,2210 C,#084d71
945,2210 U,#47637c
946,2211 C,#6f98a3
947,2211 U,#7fa2ac
948,2212 C,#4e8391
949,2212 U,#688b97
950,2213 C,#2d6f78
951,2213 U,#5c7c82
952,2214 C,#2e6c79
953,2214 U,#5b7d87
954,2215 C,#2c5466
955,2215 U,#516874
956,2216 C,#2b4b58
957,2216 U,#4e616a
958,2217 C,#003841
959,2217 U,#43565e
960,2218 C,#6eaebd
961,2218 U,#75afbf
962,2219 C,#57a2b3
963,2219 U,#67a3b4
964,222,#70193d
965,222 C,#701c45
966,222 U,#85556a
967,2220 C,#4195a9
968,2220 U,#6199ab
969,2221 C,#278a9f
970,2221 U,#548fa0
971,2222 C,#0a8098
972,2222 U,#4e879b
973,2223 C,#00758e
974,2223 U,#447e92
975,2224 C,#006681
976,2224 U,#3c7386
977,2225 C,#70d3e1
978,2225 U,#69d6e5
979,2226 C,#2ec9da
980,2226 U,#39cbdd
981,2227 C,#52bcc9
982,2227 U,#5dbecd
983,2228 C,#00a2be
984,2228 U,#00a4be
985,2229 C,#0099b8
986,2229 U,#009bb6
987,223,#f993c4
988,223 C,#f294cd
989,223 U,#fca4d6
990,2230 C,#0089a1
991,2230 U,#1490a5
992,2231 C,#007993
993,2231 U,#008297
994,2232 C,#6daeb3
995,2232 U,#75afb5
996,2233 C,#54a5b0
997,2233 U,#63a4af
998,2234 C,#499da5
999,2234 U,#5c9ba2
1000,2235 C,#1c919d
1001,2235 U,#4e939d
1002,2236 C,#1e909a
1003,2236 U,#4e8e97
1004,2237 U,#4d8990
1005,2238 C,#006776
1006,2238 U,#30737d
1007,2239 C,#00ccb7
1008,2239 U,#00ceb6
1009,224,#f46baf
1010,224 C,#ef6eba
1011,224 U,#f987c6
1012,2240 C,#00bea1
1013,2240 U,#00bfa4
1014,2241 C,#53a092
1015,2241 U,#63a094
1016,2242 C,#00a077
1017,2242 U,#00a081
1018,2243 C,#00927b
1019,2243 U,#3c9383
1020,2244 C,#087e6d
1021,2244 U,#4d857b
1022,2245 C,#008356
1023,2245 U,#008a6c
1024,2246 C,#a7d2b9
1025,2246 U,#a5d6bc
1026,2247 C,#74bf99
1027,2247 U,#7bc4a0
1028,2248 C,#6cb691
1029,2248 U,#78ba98
1030,2249 C,#53a97f
1031,2249 U,#67aa86
1032,225,#ed2893
1033,225 C,#e51992
1034,225 U,#ef60a4
1035,2250 C,#00b073
1036,2250 U,#21ae7b
1037,2251 C,#00aa71
1038,2251 U,#00a778
1039,2252 C,#00a54d
1040,2252 U,#00a763
1041,2253 C,#bae8ca
1042,2253 U,#bfefce
1043,2254 C,#acddb2
1044,2254 U,#ace2b4
1045,2255 C,#85d095
1046,2255 U,#86d59b
1047,2256 C,#53c072
1048,2256 U,#5dc380
1049,2257 C,#00ab51
1050,2257 U,#34aa68
1051,2258 C,#008424
1052,2258 U,#418f53
1053,2259 C,#007022
1054,2259 U,#458151
1055,226,#d60270
1056,226 C,#d7006d
1057,226 U,#e14486
1058,2260 C,#b2cfad
1059,2260 U,#c0dabb
1060,2261 C,#96ba91
1061,2261 U,#93b78e
1062,2262 C,#88ac89
1063,2262 U,#8bac8c
1064,2263 C,#6f946b
1065,2263 U,#7c9a7b
1066,2264 C,#669460
1067,2264 U,#71966f
1068,2265 C,#587d50
1069,2265 U,#738e70
1070,2266 C,#2d5423
1071,2266 U,#577754
1072,2267 C,#96de99
1073,2267 U,#98e69f
1074,2268 C,#72d77d
1075,2268 U,#6edb84
1076,2269 C,#78ca6d
1077,2269 U,#6bc774
1078,227,#ad005b
1079,227 C,#b00060
1080,227 U,#b24776
1081,2270 C,#17c54e
1082,2270 U,#3ac867
1083,2271 C,#00b832
1084,2271 U,#12ba58
1085,2272 C,#00981a
1086,2272 U,#3ba047
1087,2273 C,#227026
1088,2273 U,#4e7c4e
1089,2274 C,#d0d9b1
1090,2274 U,#d6dfb5
1091,2275 C,#c3da95
1092,2275 U,#c7e09a
1093,2276 C,#88a650
1094,2276 U,#8aa667
1095,2277 C,#52941d
1096,2277 U,#649847
1097,2278 C,#4b7f1e
1098,2278 U,#628b4a
1099,2279 C,#5c7d2a
1100,2279 U,#6d8453
1101,228,#8c004c
1102,228 C,#8d0b56
1103,228 U,#8f4d6d
1104,2280 C,#47691d
1105,2280 U,#627a4b
1106,2281 C,#d8e798
1107,2281 U,#dbec99
1108,2282 C,#c6e895
1109,2282 U,#c7ed97
1110,2283 C,#a3df65
1111,2283 U,#a6e474
1112,2284 C,#b0d37d
1113,2284 U,#b0d683
1114,2285 C,#8fd84a
1115,2285 U,#8fdd63
1116,2286 C,#74ca00
1117,2286 U,#7bd145
1118,2287 C,#54c400
1119,2287 U,#5cc647
1120,2288 C,#c8e179
1121,2288 U,#c9e681
1122,2289 C,#c5d779
1123,2289 U,#c6dc84
1124,229,#6d213f
1125,229 C,#692044
1126,229 U,#7b5365
1127,2290 C,#a7d91d
1128,2290 U,#aae053
1129,2291 C,#a4d300
1130,2291 U,#a2d834
1131,2292 C,#91c712
1132,2292 U,#89c648
1133,2293 C,#86c300
1134,2293 U,#8acb23
1135,2294 C,#74a800
1136,2294 U,#7eb03b
1137,2295 C,#e1ea89
1138,2295 U,#e5f08c
1139,2296 C,#d5e664
1140,2296 U,#d6ec70
1141,2297 C,#bcde16
1142,2297 U,#bfe44d
1143,2298 C,#b6d955
1144,2298 U,#afdb66
1145,2299 C,#a2d033
1146,2299 U,#9bd154
1147,230,#ffa0cc
1148,230 C,#f7a6d6
1149,230 U,#ffb2de
1150,2300 C,#a8c140
1151,2300 U,#abc663
1152,2301 C,#8dac14
1153,2301 U,#8fad4d
1154,2302 C,#aeb762
1155,2302 U,#a9b36e
1156,2303 C,#9fb156
1157,2303 U,#9eb16d
1158,2304 C,#a0aa4d
1159,2304 U,#9da763
1160,2305 C,#9da600
1161,2305 U,#9ca647
1162,2306 C,#7e8a24
1163,2306 U,#818c50
1164,2307 C,#676e11
1165,2307 U,#767e40
1166,2308 C,#59561a
1167,2308 U,#6a6941
1168,2309 C,#e7cdb5
1169,2309 U,#eccfb3
1170,231,#fc70ba
1171,231 C,#f677c4
1172,231 U,#fc85c8
1173,2310 C,#d8bfa7
1174,2310 U,#ddc0a7
1175,2311 C,#cca784
1176,2311 U,#cca88a
1177,2312 C,#b79a80
1178,2312 U,#baa08b
1179,2313 C,#c39365
1180,2313 U,#c19676
1181,2314 C,#ac7743
1182,2314 U,#a98062
1183,2315 C,#93480d
1184,2315 U,#96623e
1185,2316 C,#bd9979
1186,2316 U,#c09f85
1187,2317 C,#b4865c
1188,2317 U,#b18c70
1189,2318 C,#a47447
1190,2318 U,#a17d63
1191,2319 C,#8d5b2f
1192,2319 U,#8d6d55
1193,232,#f43fa5
1194,232 C,#ef3fa9
1195,232 U,#f56ab4
1196,2320 C,#714621
1197,2320 U,#795c46
1198,2321 C,#6f5036
1199,2321 U,#7a695b
1200,2322 C,#4d3423
1201,2322 U,#625140
1202,2323 C,#b7b098
1203,2323 U,#c5bfaa
1204,2324 C,#b2a282
1205,2324 U,#ada189
1206,2325 C,#9f9073
1207,2325 U,#a09580
1208,2326 C,#8b7c5e
1209,2326 U,#958b78
1210,2327 C,#837857
1211,2327 U,#908875
1212,2328 C,#786747
1213,2328 U,#807766
1214,2329 C,#69583b
1215,2329 U,#766e61
1216,233,#ce007c
1217,233 C,#cc007a
1218,233 U,#cc4585
1219,2330 C,#cfccc8
1220,2331 C,#aca7a3
1221,2331 U,#b0aba9
1222,2332 C,#8b8985
1223,2332 U,#8b8986
1224,2333 C,#716c69
1225,2333 U,#757473
1226,2334 C,#6d6361
1227,2334 U,#706c6c
1228,2335 C,#5e4e46
1229,2335 U,#706964
1230,2336 C,#4e4946
1231,2336 U,#666565
1232,2337 C,#fac0b8
1233,2337 U,#ffb6ad
1234,2338 C,#e0a39d
1235,2338 U,#dc9b95
1236,2339 C,#f29390
1237,2339 U,#f5908e
1238,234,#aa0066
1239,234 C,#a60063
1240,234 U,#ac4c7b
1241,2340 C,#d26e76
1242,2340 U,#cc797d
1243,2341 C,#b96b6c
1244,2341 U,#ae7475
1245,2342 C,#ba5963
1246,2342 U,#b16c73
1247,2343 C,#aa5564
1248,2343 U,#a86c75
1249,2344 C,#f3806e
1250,2344 U,#f08576
1251,2345 C,#ff6e67
1252,2345 U,#ff7d74
1253,2346 C,#ff5967
1254,2346 U,#ff7075
1255,2347 C,#e80000
1256,2347 U,#ed4336
1257,2348 C,#ea534d
1258,2348 U,#e1615c
1259,2349 C,#ce3402
1260,2349 U,#c44d36
1261,235,#8e0554
1262,235 C,#880d53
1263,235 U,#924e70
1264,2350 C,#b5201b
1265,2350 U,#a1463d
1266,2351 C,#bf79b2
1267,2351 U,#bd81b1
1268,2352 C,#b764a6
1269,2352 U,#b471a3
1270,2353 C,#c44ca5
1271,2353 U,#b85997
1272,2354 C,#944d8a
1273,2354 U,#90638b
1274,2355 C,#8b0079
1275,2355 U,#86467a
1276,2356 C,#750060
1277,2356 U,#7e3f6f
1278,2357 C,#641143
1279,2357 U,#6e435a
1280,2358 C,#ada3ae
1281,2358 U,#a499a5
1282,2359 C,#7e7283
1283,2359 U,#807785
1284,236,#f9afd3
1285,236 C,#f4a7dc
1286,236 U,#faa6dd
1287,2360 C,#7a788e
1288,2360 U,#7f7c8d
1289,2361 C,#6f6f8b
1290,2361 U,#75758c
1291,2362 C,#6d6980
1292,2362 U,#787585
1293,2363 C,#5f5c75
1294,2363 U,#6f6c7c
1295,2364 C,#67586d
1296,2364 U,#726976
1297,2365,#f7c4d8
1298,2365 C,#f2b9df
1299,2365 U,#f9bee6
1300,2366 C,#676ccd
1301,2366 U,#6f71c7
1302,2367 C,#4d4bb0
1303,2367 U,#6663ad
1304,2368 C,#4a49bc
1305,2368 U,#6160b7
1306,2369 C,#3640b5
1307,2369 U,#5b5cb0
1308,237,#f484c4
1309,237 C,#f185ce
1310,237 U,#f58dcf
1311,2370 C,#2b2b93
1312,2370 U,#5d599b
1313,2371 C,#300b8c
1314,2371 U,#58468c
1315,2372 C,#251e77
1316,2372 U,#524d7f
1317,2373 C,#7181a0
1318,2373 U,#78829b
1319,2374 C,#4d5e80
1320,2374 U,#5e687f
1321,2375,#ea6bbf
1322,2375 C,#e677cb
1323,2375 U,#ed88d1
1324,2376 C,#4d5a72
1325,2376 U,#636c7d
1326,2377 C,#305271
1327,2377 U,#55687c
1328,2378 C,#374767
1329,2378 U,#555d71
1330,2379 C,#3b4358
1331,2379 U,#565a66
1332,238,#ed4faf
1333,238 C,#ea5dbd
1334,238 U,#ed72bf
1335,2380 C,#273248
1336,2380 U,#525664
1337,2381 C,#5992db
1338,2381 U,#618dd8
1339,2382 C,#0088d8
1340,2382 U,#3d82d2
1341,2383 C,#2173ad
1342,2383 U,#4a72a2
1343,2384 C,#0060a1
1344,2384 U,#3b6796
1345,2385,#db28a5
1346,2385 C,#d939b2
1347,2385 U,#e56fc0
1348,2386 C,#2768c3
1349,2386 U,#546fbd
1350,2387 C,#0061c8
1351,2387 U,#4767bd
1352,2388 C,#004fb5
1353,2388 U,#3c5ea8
1354,2389 C,#449ec9
1355,2389 U,#5b9cc6
1356,239,#e0219e
1357,239 C,#e03eae
1358,239 U,#e055a7
1359,2390 C,#007bab
1360,2390 U,#4e83aa
1361,2391 C,#0080a5
1362,2391 U,#4683a1
1363,2392 C,#096785
1364,2392 U,#587b90
1365,2393 C,#0090cb
1366,2393 U,#0095cc
1367,2394 C,#0089ce
1368,2394 U,#008fce
1369,2395,#c4008c
1370,2395 C,#cf009e
1371,2395 U,#d956ac
1372,2396 C,#0096b2
1373,2396 U,#0093ab
1374,2397 C,#00b4bd
1375,2397 U,#00b1ba
1376,2398 C,#00b8b3
1377,2398 U,#2cbbb6
1378,2399 C,#00a8a2
1379,2399 U,#00ada8
1380,240,#c40f89
1381,240 C,#cb2b99
1382,240 U,#c55597
1383,2400 C,#00ad97
1384,2400 U,#00ae9a
1385,2401 C,#28a598
1386,2401 U,#52a69b
1387,2402 C,#009a87
1388,2402 U,#009e8d
1389,2403 C,#00867b
1390,2403 U,#008d85
1391,2404 C,#a4b79c
1392,2404 U,#9fb39a
1393,2405,#a8007a
1394,2405 C,#b5008c
1395,2405 U,#be569c
1396,2406 C,#809c87
1397,2406 U,#869f8f
1398,2407 C,#698b72
1399,2407 U,#779080
1400,2408 C,#477956
1401,2408 U,#597865
1402,2409 C,#4b6447
1403,2409 U,#637364
1404,241,#ad0075
1405,241 C,#b41782
1406,241 U,#b15389
1407,2410 C,#415a3d
1408,2410 U,#5f6e5f
1409,2411 C,#1a4020
1410,2411 U,#4a6149
1411,2412 C,#3ad398
1412,2412 U,#5bd8a2
1413,2413 C,#29b58f
1414,2413 U,#47af8e
1415,2414 C,#00b980
1416,2414 U,#24b280
1417,2415,#9b0070
1418,2415 C,#a2007c
1419,2415 U,#ae5490
1420,2416 C,#00ae77
1421,2416 U,#17ae81
1422,2417 C,#189b6b
1423,2417 U,#4e9c79
1424,2418 C,#008440
1425,2418 U,#00845a
1426,2419 C,#007a57
1427,2419 U,#367b68
1428,242,#7c1c51
1429,242 C,#83225e
1430,242 U,#8e5975
1431,2420 C,#00c460
1432,2420 U,#1cc574
1433,2421 C,#1ab500
1434,2421 U,#44b738
1435,2422 C,#00a52e
1436,2422 U,#31a557
1437,2423 C,#00a815
1438,2423 U,#00aa49
1439,2424 C,#1a9d00
1440,2424 U,#46a23a
1441,2425,#87005b
1442,2425 C,#880063
1443,2425 U,#98537f
1444,2426 C,#008918
1445,2426 U,#009247
1446,2427 C,#005d1c
1447,2427 U,#44704a
1448,243,#f2bad8
1449,243 C,#eeb7e2
1450,243 U,#f4b1e4
1451,244,#eda0d3
1452,244 C,#e99bda
1453,244 U,#ee9add
1454,245,#e87fc9
1455,245 C,#e37ed1
1456,245 U,#e47ece
1457,246,#cc00a0
1458,246 C,#cd25af
1459,246 U,#d356b1
1460,247,#b7008e
1461,247 C,#c114a1
1462,247 U,#c150a0
1463,248,#a3057f
1464,248 C,#a9198d
1465,248 U,#a44e8a
1466,249,#7f2860
1467,249 C,#84266a
1468,249 U,#895677
1469,250,#edc4dd
1470,250 C,#eab9e4
1471,250 U,#f0b8e7
1472,251,#e29ed6
1473,251 C,#e19bdf
1474,251 U,#e495dd
1475,252,#d36bc6
1476,252 C,#d162cd
1477,252 U,#d16fcb
1478,253,#af23a5
1479,253 C,#b319ab
1480,253 U,#b856ac
1481,254,#a02d96
1482,254 C,#9e1a96
1483,254 U,#a15499
1484,255,#772d6b
1485,255 C,#77216c
1486,255 U,#83577c
1487,256,#e5c4d6
1488,256 C,#dabddc
1489,256 U,#d5b4da
1490,2562,#d8a8d8
1491,2562 C,#dba8e2
1492,2562 U,#dface8
1493,2563,#d1a0cc
1494,2563 C,#cea2d7
1495,2563 U,#cfa1d9
1496,2567,#bf93cc
1497,2567 C,#c49fd8
1498,2567 U,#c19eda
1499,257,#d3a5c9
1500,257 C,#c9a0ce
1501,257 U,#c499c9
1502,2572,#c687d1
1503,2572 C,#cc8ada
1504,2572 U,#d08fdc
1505,2573,#ba7cbc
1506,2573 C,#bc83c9
1507,2573 U,#ba87ca
1508,2577,#aa72bf
1509,2577 C,#aa7bc9
1510,2577 U,#a47ec5
1511,258,#9b4f96
1512,258 C,#904799
1513,258 U,#a275ad
1514,2582,#aa47ba
1515,2582 C,#b24ec4
1516,2582 U,#bd75ce
1517,2583,#9e4fa5
1518,2583 C,#a35db4
1519,2583 U,#a571b5
1520,2587,#8e47ad
1521,2587 C,#8446ac
1522,2587 U,#936cb5
1523,259,#72166b
1524,259 C,#702076
1525,259 U,#95659b
1526,2592,#930fa5
1527,2592 C,#9f26b4
1528,2592 U,#ad60be
1529,2593,#872b93
1530,2593 C,#873299
1531,2593 U,#8f5e9f
1532,2597,#66008c
1533,2597 C,#5d0c8b
1534,2597 U,#825aa3
1535,260,#681e5b
1536,260 C,#672565
1537,260 U,#8b648c
1538,2602,#820c8e
1539,2602 C,#8b189b
1540,2602 U,#9a57a5
1541,2603,#70147a
1542,2603 C,#732181
1543,2603 U,#86588f
1544,2607,#5b027a
1545,2607 C,#520975
1546,2607 U,#7a5894
1547,261,#5e2154
1548,261 C,#5f285e
1549,261 U,#816181
1550,2612,#701e72
1551,2612 C,#7b2481
1552,2612 U,#88558c
1553,2613,#66116d
1554,2613 C,#6a1e74
1555,2613 U,#7f5685
1556,2617,#560c70
1557,2617 C,#490c66
1558,2617 U,#745387
1559,262,#542344
1560,262 C,#54274e
1561,262 U,#765d73
1562,2622,#602d59
1563,2622 C,#682f64
1564,2622 U,#7d5a79
1565,2623,#5b195e
1566,2623 C,#621f65
1567,2623 U,#76547a
1568,2627,#4c145e
1569,2627 C,#3e1051
1570,2627 U,#6d527a
1571,263,#e0cee0
1572,263 C,#dac4e5
1573,263 U,#dcc4e8
1574,2635,#c9add8
1575,2635 C,#c6b3e1
1576,2635 U,#c8b6e5
1577,264,#c6aadb
1578,264 C,#c4a6e1
1579,264 U,#bfa0e3
1580,2645,#b591d1
1581,2645 C,#b095da
1582,2645 U,#b8a2e2
1583,265,#9663c4
1584,265 C,#9363cc
1585,265 U,#9d7ad2
1586,2655,#9b6dc6
1587,2655 C,#9678d2
1588,2655 U,#a188d7
1589,266,#6d28aa
1590,266 C,#783cbd
1591,266 U,#8a66c2
1592,2665,#894fbf
1593,2665 C,#7f56c5
1594,2665 U,#8b70c8
1595,267,#59118e
1596,267 C,#62259d
1597,267 U,#7f5dac
1598,268,#4f2170
1599,268 C,#5a2b81
1600,268 U,#735990
1601,2685,#56008c
1602,2685 C,#32006e
1603,2685 U,#735ba5
1604,269,#442359
1605,269 C,#532c6c
1606,269 U,#6e577e
1607,2695,#44235e
1608,2695 C,#2f1a45
1609,2695 U,#6b5d7e
1610,270,#baafd3
1611,270 C,#b6b3df
1612,270 U,#adaddd
1613,2705,#ad9ed3
1614,2705 C,#a9a3df
1615,2705 U,#b8b4e8
1616,2706,#d1cedd
1617,2706 C,#ccd2e9
1618,2706 U,#cad3f0
1619,2707,#bfd1e5
1620,2707 C,#c4d5ec
1621,2707 U,#c6daf5
1622,2708,#afbcdb
1623,2708 C,#b9cbea
1624,2708 U,#b2c8ee
1625,271,#9e91c6
1626,271 C,#9794d2
1627,271 U,#9a9ad4
1628,2715,#937acc
1629,2715 C,#8b83d6
1630,2715 U,#9c98df
1631,2716,#a5a0d6
1632,2716 C,#9fade4
1633,2716 U,#a1aee9
1634,2717,#a5bae0
1635,2717 C,#a7c5ed
1636,2717 U,#a7c7f3
1637,2718,#5b77cc
1638,2718 C,#5a87d9
1639,2718 U,#6786d7
1640,272,#8977ba
1641,272 C,#7573c0
1642,272 U,#8585c5
1643,2725,#7251bc
1644,2725 C,#675dc6
1645,2725 U,#8880d2
1646,2726,#6656bc
1647,2726 C,#455cc7
1648,2726 U,#6e7ace
1649,2727,#5e68c4
1650,2727 C,#2e7de1
1651,2727 U,#618ee8
1652,2728,#3044b5
1653,2728 C,#0047ba
1654,2728 U,#4d68c1
1655,273,#38197a
1656,273 C,#23135e
1657,273 U,#645d9a
1658,2735,#4f0093
1659,2735 C,#290088
1660,2735 U,#6658b0
1661,2736,#4930ad
1662,2736 C,#1724a9
1663,2736 U,#5960b9
1664,2738,#2d008e
1665,2738 C,#00098b
1666,2738 U,#424da3
1667,274,#2b1166
1668,274 C,#211650
1669,274 U,#5f578a
1670,2745,#3f0077
1671,2745 C,#250670
1672,2745 U,#5f5499
1673,2746,#3f2893
1674,2746 C,#101e8e
1675,2746 U,#565da3
1676,2747,#1c146b
1677,2747 C,#001a71
1678,2747 U,#3f4f90
1679,2748,#1e1c77
1680,2748 C,#001970
1681,2748 U,#454f8c
1682,275,#260f54
1683,275 C,#211646
1684,275 U,#5c5582
1685,2755,#35006d
1686,2755 C,#221060
1687,2755 U,#5b5389
1688,2756,#332875
1689,2756 C,#121f6b
1690,2756 U,#565b8b
1691,2757,#141654
1692,2757 C,#001e5f
1693,2757 U,#444e7d
1694,2758,#192168
1695,2758 C,#001d60
1696,2758 U,#464d79
1697,276,#2b2147
1698,276 C,#231c34
1699,276 U,#5b546d
1700,2765,#2b0c56
1701,2765 C,#201545
1702,2765 U,#574f76
1703,2766,#2b265b
1704,2766 C,#131b4d
1705,2766 U,#57597b
1706,2767,#14213d
1707,2767 C,#14284b
1708,2767 U,#484b63
1709,2768,#112151
1710,2768 C,#051c48
1711,2768 U,#494c6b
1712,277,#b5d1e8
1713,277 C,#adc8e7
1714,277 U,#accdf1
1715,278,#99badd
1716,278 C,#8cb7e8
1717,278 U,#8bb8ed
1718,279,#6689cc
1719,279 C,#3e8ddd
1720,279 U,#578dda
1721,280,#002b7f
1722,280 C,#012168
1723,280 U,#3a487f
1724,281,#002868
1725,281 C,#001f5b
1726,281 U,#3f4974
1727,282,#002654
1728,282 C,#031d40
1729,282 U,#414765
1730,283,#9bc4e2
1731,283 C,#94c0e9
1732,283 U,#9ac5ed
1733,284,#75aadb
1734,284 C,#6caae4
1735,284 U,#76afe8
1736,285,#3a75c4
1737,285 C,#0070cd
1738,285 U,#4280cf
1739,286,#0038a8
1740,286 C,#0032a0
1741,286 U,#2c54a3
1742,287,#003893
1743,287 C,#002f86
1744,287 U,#395796
1745,288,#00337f
1746,288 C,#002c73
1747,288 U,#3b5486
1748,289,#002649
1749,289 C,#0c223f
1750,289 U,#424e6a
1751,290,#c4d8e2
1752,290 C,#bad8ea
1753,290 U,#a5d2ee
1754,2905,#93c6e0
1755,2905 C,#8fc6e8
1756,2905 U,#88c7ed
1757,291,#a8cee2
1758,291 C,#99caea
1759,291 U,#7cbceb
1760,2915,#60afdd
1761,2915 C,#61b3e4
1762,2915 U,#61b1e8
1763,292,#75b2dd
1764,292 C,#67b2e7
1765,292 U,#5fa7e5
1766,2925,#008ed6
1767,2925 C,#009add
1768,2925 U,#3795da
1769,293,#0051ba
1770,293 C,#003ca6
1771,293 U,#1a59a8
1772,2935,#005bbf
1773,2935 C,#0055b7
1774,2935 U,#0f5ea9
1775,294,#003f87
1776,294 C,#002e6c
1777,294 U,#385888
1778,2945,#0054a0
1779,2945 C,#004a97
1780,2945 U,#26578b
1781,295,#00386b
1782,295 C,#002855
1783,295 U,#344f71
1784,2955,#003d6b
1785,2955 C,#003763
1786,2955 U,#395575
1787,296,#002d47
1788,296 C,#061b2b
1789,296 U,#424e5f
1790,2965,#00334c
1791,2965 C,#00253d
1792,2965 U,#3a5165
1793,297,#82c6e2
1794,297 C,#6ec4e8
1795,297 U,#79caed
1796,2975,#bae0e2
1797,2975 C,#97d4e9
1798,2975 U,#88d4ee
1799,298,#51b5e0
1800,298 C,#40b4e5
1801,298 U,#47b2e8
1802,2985,#51bfe2
1803,2985 C,#57c0e8
1804,2985 U,#41b5e6
1805,299,#00a3dd
1806,299 C,#00a0df
1807,299 U,#0093d9
1808,2995,#00a5db
1809,2995 C,#00a7e1
1810,2995 U,#009adc
1811,300,#0072c6
1812,300 C,#005cb8
1813,300 U,#006cb7
1814,3005,#0084c9
1815,3005 C,#0074c8
1816,3005 U,#0076bf
1817,301,#005b99
1818,301 C,#004987
1819,301 U,#26608d
1820,3015,#00709e
1821,3015 C,#005f9b
1822,3015 U,#176995
1823,302,#004f6d
1824,302 C,#003a5c
1825,302 U,#345c76
1826,3025,#00546b
1827,3025 C,#004d71
1828,3025 U,#345f79
1829,303 C,#012939
1830,303 U,#3e5565
1831,3035,#004454
1832,3035 C,#003d51
1833,3035 U,#3e5665
1834,304,#a5dde2
1835,304 C,#98dae9
1836,304 U,#8adbec
1837,305,#70cee2
1838,305 C,#57c8e7
1839,305 U,#49c8ec
1840,306,#00bce2
1841,306 C,#00b2e2
1842,306 U,#00b2e5
1843,307 C,#0069a6
1844,307 U,#0071a2
1845,308,#00607c
1846,308 C,#00567c
1847,308 U,#206682
1848,309,#003f49
1849,309 C,#003a49
1850,309 U,#3c5763
1851,310,#72d1dd
1852,310 C,#66cfe3
1853,310 U,#55cee6
1854,3105,#7fd6db
1855,3105 C,#62d0df
1856,3105 U,#42ccdf
1857,311,#28c4d8
1858,311 C,#00c1de
1859,311 U,#00bbdc
1860,3115,#2dc6d6
1861,3115 C,#00bfd5
1862,3115 U,#00bcd4
1863,312,#00adc6
1864,312 C,#00a6ce
1865,312 U,#00abd1
1866,3125,#00b7c6
1867,3125 C,#00abc7
1868,3125 U,#00a8c3
1869,313,#0099b5
1870,313 C,#008fbe
1871,313 U,#008ab3
1872,3135,#009baa
1873,3135 C,#008aab
1874,3135 U,#008aa7
1875,314,#00829b
1876,314 C,#007da4
1877,314 U,#007b9b
1878,3145,#00848e
1879,3145 C,#00748c
1880,3145 U,#007588
1881,315,#006b77
1882,315 C,#00657f
1883,315 U,#1c6578
1884,3155,#006d75
1885,3155 C,#005f71
1886,3155 U,#186676
1887,316,#00494f
1888,316 C,#00464f
1889,316 U,#3b5861
1890,3165,#00565b
1891,3165 C,#004d58
1892,3165 U,#2d5a65
1893,317,#c9e8dd
1894,317 C,#b0e2e2
1895,317 U,#abe7e7
1896,318,#93dddb
1897,318 C,#86dade
1898,318 U,#62d7df
1899,319,#4cced1
1900,319 C,#25cad3
1901,319 U,#17c7d1
1902,320,#009ea0
1903,320 C,#0099a8
1904,320 U,#0099a6
1905,321,#008789
1906,321 C,#008995
1907,321 U,#00808b
1908,322,#007272
1909,322 C,#007078
1910,322 U,#0f7179
1911,323,#006663
1912,323 C,#005d62
1913,323 U,#2c5f64
1914,324,#aaddd6
1915,324 C,#9bd9d9
1916,324 U,#7fd6d6
1917,3242,#87ddd1
1918,3242 C,#6edad5
1919,3242 U,#54d9d3
1920,3245,#8ce0d1
1921,3245 C,#7aded4
1922,3245 U,#45d9cc
1923,3248,#7ad3c1
1924,3248 C,#6dcbb8
1925,3248 U,#65ccba
1926,325,#56c9c1
1927,325 C,#64cbc9
1928,325 U,#35bebb
1929,3252,#56d6c9
1930,3252 C,#1bcfc9
1931,3252 U,#00cac3
1932,3255,#47d6c1
1933,3255 C,#22d3c5
1934,3255 U,#00ccbc
1935,3258,#35c4af
1936,3258 C,#48c3b1
1937,3258 U,#43beac
1938,326,#00b2aa
1939,326 C,#00afa9
1940,3262,#00c1b5
1941,3262 C,#00bbb3
1942,3262 U,#00b7b1
1943,3265,#00c6b2
1944,3265 C,#00c4b3
1945,3265 U,#00bcac
1946,3268,#00af99
1947,3268 C,#00a98e
1948,3268 U,#1eaf99
1949,327 C,#008374
1950,3272,#00aa9e
1951,3272 C,#00a19a
1952,3272 U,#00a19c
1953,3275,#00b2a0
1954,3275 C,#00af9a
1955,3275 U,#00a694
1956,3278,#009b84
1957,3278 C,#009877
1958,3278 U,#009982
1959,328,#007770
1960,328 C,#007166
1961,328 U,#077b79
1962,3282,#008c82
1963,3282 C,#00837a
1964,3282 U,#008480
1965,3285,#009987
1966,3285 C,#009382
1967,3285 U,#008d82
1968,3288,#008270
1969,3288 C,#008064
1970,3288 U,#158576
1971,329,#006d66
1972,329 C,#00665e
1973,329 U,#2a7372
1974,3292,#006056
1975,3292 C,#00574f
1976,3292 U,#306c6b
1977,3295,#008272
1978,3295 C,#007564
1979,3295 U,#1c7d74
1980,3298,#006b5b
1981,3298 C,#006852
1982,3298 U,#367267
1983,330,#005951
1984,330 C,#00514b
1985,330 U,#416261
1986,3302,#00493f
1987,3302 C,#004b44
1988,3302 U,#3e5f5e
1989,3305,#004f42
1990,3305 C,#004c42
1991,3305 U,#436863
1992,3308,#004438
1993,3308 C,#034436
1994,3308 U,#465f5a
1995,331,#baead6
1996,331 C,#a6e5d8
1997,331 U,#8fe6d3
1998,332,#a0e5ce
1999,332 C,#89e1d0
2000,332 U,#6adfcb
2001,333,#5eddc1
2002,333 C,#33d9c2
2003,333 U,#00cfb5
2004,334,#00997c
2005,334 C,#009578
2006,334 U,#009380
2007,335,#007c66
2008,335 C,#00795f
2009,335 U,#1a7c70
2010,336,#006854
2011,336 C,#00634f
2012,336 U,#367068
2013,337,#9bdbc1
2014,337 C,#8fd4bc
2015,337 U,#7ed3b9
2016,3375,#8ee2bc
2017,3375 C,#76e0c0
2018,3375 U,#55deb7
2019,338,#7ad1b5
2020,338 C,#6dcdb1
2021,338 U,#45bfa1
2022,3385,#54d8a8
2023,3385 C,#3fd4ad
2024,3385 U,#2fd2a8
2025,339,#00b28c
2026,339 C,#00b188
2027,339 U,#19ab8a
2028,3395,#00c993
2029,3395 C,#00c08a
2030,3395 U,#00c497
2031,340,#009977
2032,340 C,#00945d
2033,340 U,#009b77
2034,3405,#00b27a
2035,3405 C,#00ac68
2036,3405 U,#00ae7b
2037,341,#007a5e
2038,341 C,#007852
2039,341 U,#317663
2040,3415,#007c59
2041,3415 C,#007549
2042,3415 U,#2c7f66
2043,342,#006b54
2044,342 C,#006547
2045,342 U,#3e6d60
2046,3425,#006847
2047,3425 C,#006140
2048,3425 U,#3d7563
2049,343,#00563f
2050,343 C,#0d553f
2051,343 U,#45645b
2052,3435,#024930
2053,3435 C,#144633
2054,3435 U,#49655a
2055,344,#b5e2bf
2056,344 C,#a0d8b3
2057,344 U,#8bd6ad
2058,345,#96d8af
2059,345 C,#91d5ab
2060,345 U,#68cb9b
2061,346,#70ce9b
2062,346 C,#6eca97
2063,346 U,#49bb89
2064,347,#009e60
2065,347 C,#009844
2066,347 U,#089860
2067,348,#008751
2068,348 C,#00833d
2069,348 U,#2f835b
2070,349,#006b3f
2071,349 C,#016836
2072,349 U,#457157
2073,350,#234f33
2074,350 C,#2b5034
2075,350 U,#536557
2076,351,#b5e8bf
2077,351 C,#a2e3b9
2078,351 U,#8fe4b3
2079,352,#99e5b2
2080,352 C,#8ce0b0
2081,352 U,#6adea3
2082,353,#84e2a8
2083,353 C,#7bdea7
2084,353 U,#43d491
2085,354,#00b760
2086,354 C,#00ae41
2087,354 U,#00a75c
2088,355,#009e49
2089,355 C,#00953a
2090,355 U,#00955e
2091,356,#007a3d
2092,356 C,#007833
2093,356 U,#347c59
2094,357,#215b33
2095,357 C,#1c5631
2096,357 U,#4e6e59
2097,358,#aadd96
2098,358 C,#acda90
2099,358 U,#94d68a
2100,359,#a0db8e
2101,359 C,#a2d683
2102,359 U,#79ca77
2103,360,#60c659
2104,360 C,#6cc049
2105,360 U,#58b660
2106,361,#1eb53a
2107,361 C,#3fae29
2108,361 U,#48a84f
2109,362,#339e35
2110,362 C,#4d9c2d
2111,362 U,#53924f
2112,363,#3d8e33
2113,363 C,#4b8b2a
2114,363 U,#56834c
2115,364,#3a7728
2116,364 C,#497527
2117,364 U,#5a784e
2118,365,#d3e8a3
2119,365 C,#c2df87
2120,365 U,#c0e491
2121,366,#c4e58e
2122,366 C,#b7dc78
2123,366 U,#a6da7b
2124,367,#aadd6d
2125,367 C,#a3d55d
2126,367 U,#8dcf68
2127,368,#5bbf21
2128,368 C,#77bc1f
2129,368 U,#65b146
2130,369,#56aa1c
2131,369 C,#62a60a
2132,369 U,#609e44
2133,370,#568e14
2134,370 C,#648b1a
2135,370 U,#688848
2136,371,#566b21
2137,371 C,#546121
2138,371 U,#66714d
2139,372,#d8ed96
2140,372 C,#d4eb8d
2141,372 U,#d0ee8f
2142,373,#ceea82
2143,373 C,#cce97f
2144,373 U,#b6e871
2145,374,#bae860
2146,374 C,#c4e76a
2147,374 U,#a1e15f
2148,375,#8cd600
2149,375 C,#94d500
2150,375 U,#6bc82c
2151,376,#7fba00
2152,376 C,#82bc00
2153,376 U,#6baa36
2154,377,#709302
2155,377 C,#799900
2156,377 U,#6f8d41
2157,378,#566314
2158,378 C,#59611b
2159,378 U,#727a4d
2160,379,#e0ea68
2161,379 C,#e2e665
2162,379 U,#e6ec78
2163,380,#d6e542
2164,380 C,#dbe341
2165,380 U,#d3e257
2166,381,#cce226
2167,381 C,#cedb00
2168,381 U,#b8d537
2169,382,#bad80a
2170,382 C,#c3d500
2171,382 U,#98c11e
2172,383,#a3af07
2173,383 C,#aaad00
2174,383 U,#8d9935
2175,384,#939905
2176,384 C,#959300
2177,384 U,#878a3b
2178,385,#707014
2179,385 C,#79701f
2180,385 U,#7c794a
2181,386,#e8ed60
2182,386 C,#eceb6b
2183,386 U,#eef076
2184,387,#e0ed44
2185,387 C,#e3e733
2186,387 U,#e1ec52
2187,388,#d6e80f
2188,388 C,#e1e61e
2189,388 U,#d3e636
2190,389,#cee007
2191,389 C,#cede00
2192,389 U,#b9db00
2193,390,#bac405
2194,390 C,#b6bd00
2195,390 U,#94a824
2196,391,#9e9e07
2197,391 C,#9a9400
2198,391 U,#878a39
2199,392,#848205
2200,392 C,#837902
2201,392 U,#7f7c40
2202,393,#f2ef87
2203,393 C,#f1ec72
2204,393 U,#f7f182
2205,3935,#f2ed6d
2206,3935 C,#f5e85b
2207,3935 U,#fdf287
2208,394,#eaed35
2209,394 C,#eee838
2210,394 U,#f1ed55
2211,3945,#efea07
2212,3945 C,#f5e500
2213,3945 U,#fdef5c
2214,395,#e5e811
2215,395 C,#ece813
2216,395 U,#ebea3c
2217,3955,#ede211
2218,3955 C,#f2df00
2219,3955 U,#faea33
2220,396,#e0e20c
2221,396 C,#e1e000
2222,396 U,#d8e200
2223,3965,#e8dd11
2224,3965 C,#eedc00
2225,3965 U,#f8e709
2226,397,#c1bf0a
2227,397 C,#c0b800
2228,397 U,#a7a92e
2229,3975,#b5a80c
2230,3975 C,#bea600
2231,3975 U,#b7a62c
2232,398,#afa80a
2233,398 C,#ada300
2234,398 U,#969437
2235,3985,#998c0a
2236,3985 C,#9a8600
2237,3985 U,#9c8f3f
2238,399,#998e07
2239,399 C,#a29100
2240,399 U,#8a8537
2241,3995,#6d6002
2242,3995 C,#6a5c1f
2243,3995 U,#827a4a
2244,400,#d1c6b5
2245,400 C,#c6beb5
2246,400 U,#c7c0b9
2247,401,#c1b5a5
2248,401 C,#b1a99e
2249,401 U,#b4ada6
2250,402,#afa593
2251,402 C,#9e948b
2252,402 U,#a29c97
2253,403,#998c7c
2254,403 C,#8d837a
2255,403 U,#928c87
2256,404,#827566
2257,404 C,#776d63
2258,404 U,#8b8580
2259,405,#6b5e4f
2260,405 C,#696057
2261,405 U,#77716c
2262,406,#cec1b5
2263,406 C,#c7bbb5
2264,406 U,#c6beb9
2265,407 C,#b2a7a1
2266,407 U,#aba09e
2267,408,#a8998c
2268,408 C,#998b86
2269,408 U,#9d9494
2270,409,#99897c
2271,409 C,#877873
2272,409 U,#948a88
2273,410,#7c6d63
2274,410 C,#756660
2275,410 U,#8a817f
2276,411,#66594c
2277,411 C,#60504c
2278,411 U,#7a716f
2279,412,#3d3028
2280,412 C,#392e2c
2281,412 U,#645b59
2282,413,#c6c1b2
2283,413 C,#bbb9af
2284,413 U,#bbbcb3
2285,414,#b5afa0
2286,414 C,#aaa89e
2287,414 U,#a9aba4
2288,415,#a39e8c
2289,415 C,#929287
2290,415 U,#9c9e99
2291,416,#8e8c7a
2292,416 C,#7f7e73
2293,416 U,#8f918c
2294,417,#777263
2295,417 C,#66665c
2296,417 U,#81837d
2297,418,#605e4f
2298,418 C,#525249
2299,418 U,#787a75
2300,419,#282821
2301,419 C,#212221
2302,419 U,#585753
2303,420,#d1ccbf
2304,420 C,#c9c8c7
2305,420 U,#bdbdbc
2306,421,#bfbaaf
2307,421 C,#b2b3b2
2308,421 U,#b2b4b4
2309,422,#afaaa3
2310,422 C,#9fa1a1
2311,422 U,#9ea0a2
2312,423,#96938e
2313,423 C,#8a8b8c
2314,423 U,#909295
2315,424,#827f77
2316,424 C,#707170
2317,424 U,#878889
2318,425,#60605b
2319,425 C,#545759
2320,425 U,#7a7c7e
2321,426,#2b2b28
2322,426 C,#252729
2323,426 U,#686768
2324,427,#dddbd1
2325,427 C,#d0d2d3
2326,427 U,#c2c7c9
2327,428,#d1cec6
2328,428 C,#c3c5c8
2329,428 U,#acb2b8
2330,429,#adafaa
2331,429 C,#a3a9ac
2332,429 U,#90979e
2333,430,#919693
2334,430 C,#7c858c
2335,430 U,#7e888f
2336,431,#666d70
2337,431 C,#5c666f
2338,431 U,#737a82
2339,432,#444f51
2340,432 C,#333d47
2341,432 U,#656b72
2342,433,#30383a
2343,433 C,#1e242b
2344,433 U,#5b5c62
2345,434,#e0d1c6
2346,434 C,#d0c4c4
2347,434 U,#d3c9c9
2348,435,#d3bfb7
2349,435 C,#c0b2b5
2350,435 U,#b3a8ac
2351,436,#bca59e
2352,436 C,#aa989c
2353,436 U,#a89a9d
2354,437,#8c706b
2355,437 C,#7b6568
2356,437 U,#8c7f81
2357,438,#593f3d
2358,438 C,#584444
2359,438 U,#7f7273
2360,439,#493533
2361,439 C,#443634
2362,439 U,#726767
2363,440,#3f302b
2364,440 C,#382d2b
2365,440 U,#67605e
2366,441,#d1d1c6
2367,441 C,#bdc6c3
2368,441 U,#b6c2c0
2369,442,#babfb7
2370,442 C,#a0acaa
2371,442 U,#a9b5b5
2372,443,#a3a8a3
2373,443 C,#909c9c
2374,443 U,#8c999a
2375,444,#898e8c
2376,444 C,#707b7b
2377,444 U,#7c8688
2378,445,#565959
2379,445 C,#4e5758
2380,445 U,#687171
2381,446,#494c49
2382,446 C,#3d4542
2383,446 U,#626867
2384,447,#3f3f38
2385,447 C,#373935
2386,447 U,#5d605f
2387,448,#54472d
2388,448 C,#4c4028
2389,448 U,#67604e
2390,4485,#604c11
2391,4485 C,#634e25
2392,4485 U,#7b6e4b
2393,449,#544726
2394,449 C,#554525
2395,449 U,#706a52
2396,4495,#877530
2397,4495 C,#8e7630
2398,4495 U,#91825e
2399,450,#60542b
2400,450 C,#5c4925
2401,450 U,#807659
2402,4505,#a09151
2403,4505 C,#9b8442
2404,4505 U,#a39671
2405,451,#ada07a
2406,451 C,#9f915d
2407,451 U,#939072
2408,4515,#bcad75
2409,4515 C,#b5a268
2410,4515 U,#b1a47e
2411,452,#c4b796
2412,452 C,#b3a77d
2413,452 U,#a8a586
2414,4525,#ccbf8e
2415,4525 C,#c7b683
2416,4525 U,#c1b38b
2417,453,#d6ccaf
2418,453 C,#c3ba98
2419,453 U,#bdb798
2420,4535,#dbcea5
2421,4535 C,#d1c392
2422,4535 U,#cbbd94
2423,454,#e2d8bf
2424,454 C,#cdc4a6
2425,454 U,#cbc6ab
2426,4545,#e5dbba
2427,4545 C,#d6ca9e
2428,4545 U,#d6cba5
2429,455,#665614
2430,455 C,#6c5a23
2431,455 U,#776e48
2432,456,#998714
2433,456 C,#a58d28
2434,456 U,#918144
2435,457,#b59b0c
2436,457 C,#ba9c13
2437,457 U,#ad9641
2438,458,#ddcc6b
2439,458 C,#dbc554
2440,458 U,#cfb863
2441,459,#e2d67c
2442,459 C,#e0cc61
2443,459 U,#dfca76
2444,460,#eadd96
2445,460 C,#e7d67e
2446,460 U,#e9d789
2447,461,#ede5ad
2448,461 C,#ecde97
2449,461 U,#eee09d
2450,462,#5b4723
2451,462 C,#5e452a
2452,462 U,#70614c
2453,4625,#472311
2454,4625 C,#512b1c
2455,4625 U,#715744
2456,463,#755426
2457,463 C,#774d27
2458,463 U,#876d51
2459,4635,#8c5933
2460,4635 C,#975f35
2461,4635 U,#92705c
2462,464,#876028
2463,464 C,#8f5927
2464,464 U,#9e7b56
2465,4645,#b28260
2466,4645 C,#b07c57
2467,4645 U,#a17d6b
2468,465,#c1a875
2469,465 C,#bd955a
2470,465 U,#b2926f
2471,4655,#c49977
2472,4655 C,#c19372
2473,4655 U,#b28d7a
2474,466,#d1bf91
2475,466 C,#caa976
2476,466 U,#c4a480
2477,4665,#d8b596
2478,4665 C,#cea787
2479,4665 U,#caa48b
2480,467,#ddcca5
2481,467 C,#d6ba8b
2482,467 U,#d5b892
2483,4675,#e5c6aa
2484,4675 C,#debfa4
2485,4675 U,#dcb89f
2486,468,#e2d6b5
2487,468 C,#dfc9a2
2488,468 U,#e1cda9
2489,4685,#edd3bc
2490,4685 C,#e1c5ac
2491,4685 U,#e6cab3
2492,469,#603311
2493,469 C,#6b3f22
2494,469 U,#7b5f4a
2495,4695,#51261c
2496,4695 C,#5d3326
2497,4695 U,#775b4f
2498,470,#9b4f19
2499,470 C,#a75928
2500,470 U,#a56f51
2501,4705,#7c513d
2502,4705 C,#814c3a
2503,4705 U,#8b6e65
2504,471,#bc5e1e
2505,471 C,#bc6123
2506,471 U,#c17a52
2507,4715,#99705b
2508,4715 C,#996a57
2509,4715 U,#9b7c73
2510,472,#eaaa7a
2511,472 C,#e79d6c
2512,472 U,#dd926f
2513,4725,#b5917c
2514,4725 C,#b28877
2515,4725 U,#b09087
2516,473,#f4c4a0
2517,473 C,#f5be99
2518,473 U,#efab87
2519,4735,#ccaf9b
2520,4735 C,#c3a291
2521,4735 U,#bfa094
2522,474,#f4ccaa
2523,474 C,#f4c6a6
2524,474 U,#f7bd9b
2525,4745,#d8bfaa
2526,4745 C,#cfb4a7
2527,4745 U,#d0b3a8
2528,475,#f7d3b5
2529,475 C,#f4cfb2
2530,475 U,#fbcbab
2531,4755,#e2ccba
2532,4755 C,#dac2b6
2533,4755 U,#ddc5bb
2534,476,#593d2b
2535,476 C,#513528
2536,476 U,#6d5c50
2537,477,#633826
2538,477 C,#663a2a
2539,477 U,#7e6355
2540,478,#7a3f28
2541,478 C,#753d29
2542,478 U,#906d5b
2543,479,#af8970
2544,479 C,#ae7f65
2545,479 U,#ae8a7d
2546,480,#d3b7a3
2547,480 C,#c9a791
2548,480 U,#c5a292
2549,481,#e0ccba
2550,481 C,#d6b9a7
2551,481 U,#d6b5a6
2552,482,#e5d3c1
2553,482 C,#dec7b6
2554,482 U,#e0c6b6
2555,483,#6b3021
2556,483 C,#682f24
2557,483 U,#805a4e
2558,484,#9b301c
2559,484 C,#9f3122
2560,484 U,#a35a4d
2561,485,#d81e05
2562,485 C,#e2231a
2563,485 U,#ea5b4e
2564,486,#ed9e84
2565,486 C,#ef8f7a
2566,486 U,#f48a7f
2567,487,#efb5a0
2568,487 C,#f0a693
2569,487 U,#f7a192
2570,488,#f2c4af
2571,488 C,#f1b8a8
2572,488 U,#f7b7a7
2573,489,#f2d1bf
2574,489 C,#f0c2b2
2575,489 U,#f8c6b7
2576,490,#5b2626
2577,490 C,#5e292a
2578,490 U,#775552
2579,491,#752828
2580,491 C,#813033
2581,491 U,#8f5958
2582,492,#913338
2583,492 C,#933235
2584,492 U,#9d5e5e
2585,493 C,#de8797
2586,493 U,#c97c86
2587,494,#f2adb2
2588,494 C,#eca2b0
2589,494 U,#e59ba7
2590,495,#f4bcbf
2591,495 C,#f4bdc6
2592,495 U,#f3afba
2593,496,#f7c9c6
2594,496 C,#f4c6ce
2595,496 U,#fac2cb
2596,497,#512826
2597,497 C,#52302c
2598,497 U,#705854
2599,4975,#441e1c
2600,4975 C,#411f1f
2601,4975 U,#735553
2602,498,#6d332b
2603,498 C,#6a3833
2604,498 U,#805c5a
2605,4985,#844949
2606,4985 C,#894b51
2607,4985 U,#8f6a6d
2608,499,#7a382d
2609,499 C,#7a3f38
2610,499 U,#8c615d
2611,4995,#a56b6d
2612,4995 C,#9d6167
2613,4995 U,#a0787e
2614,500,#ce898c
2615,500 C,#c8868c
2616,500 U,#bd8a8e
2617,5005,#bc8787
2618,5005 C,#b27b80
2619,5005 U,#b28a8f
2620,501,#eab2b2
2621,501 C,#dca5ab
2622,501 U,#d8a5a9
2623,5015,#d8ada8
2624,5015 C,#cda1a5
2625,5015 U,#cba0a4
2626,502,#f2c6c4
2627,502 C,#e6bbc0
2628,502 U,#e5b7bb
2629,5025,#e2bcb7
2630,5025 C,#ddb7bb
2631,5025 U,#dcb6ba
2632,503,#f4d1cc
2633,503 C,#ebc4c6
2634,503 U,#f1cccd
2635,5035,#edcec6
2636,5035 C,#e1c2c1
2637,5035 U,#e6c6c6
2638,504,#511e26
2639,504 C,#572930
2640,504 U,#7f5c60
2641,505,#661e2b
2642,505 C,#702d3d
2643,505 U,#8b5c64
2644,506,#7a2638
2645,506 C,#87354c
2646,506 U,#9b6370
2647,507,#d8899b
2648,507 C,#d891a8
2649,507 U,#cf8ea1
2650,508,#e8a5af
2651,508 C,#e6a9b8
2652,508 U,#e09cac
2653,509,#f2babf
2654,509 C,#ebb3c3
2655,509 U,#ebaebd
2656,510,#f4c6c9
2657,510 C,#edbec8
2658,510 U,#f3bfcb
2659,511,#602144
2660,511 C,#632c4f
2661,511 U,#735567
2662,5115,#4f213a
2663,5115 C,#532943
2664,5115 U,#6f5462
2665,512,#84216b
2666,512 C,#853175
2667,512 U,#8a587e
2668,5125,#754760
2669,5125 C,#6d3a5d
2670,5125 U,#7e6276
2671,513,#9e2387
2672,513 C,#94348c
2673,513 U,#9e5f97
2674,5135,#936b7f
2675,5135 C,#815374
2676,5135 U,#8d7086
2677,514,#d884bc
2678,514 C,#d68bc6
2679,514 U,#d08ac1
2680,5145,#ad8799
2681,5145 C,#9e7691
2682,5145 U,#a5879e
2683,515,#e8a3c9
2684,515 C,#e4acd5
2685,515 U,#e2a5d4
2686,5155,#ccafb7
2687,5155 C,#c1a4b7
2688,5155 U,#b99db1
2689,516,#f2bad3
2690,516 C,#e9bedb
2691,516 U,#e8b6d9
2692,5165,#e0c9cc
2693,5165 C,#d4bfcc
2694,5165 U,#cdb3c3
2695,517,#f4ccd8
2696,517 C,#edc5de
2697,517 U,#f3c8e1
2698,5175,#e8d6d1
2699,5175 C,#dac6ce
2700,5175 U,#dbc4cf
2701,518,#512d44
2702,518 C,#4d2e47
2703,518 U,#6d5968
2704,5185,#472835
2705,5185 C,#4c3040
2706,5185 U,#746068
2707,519,#63305e
2708,519 C,#5b305d
2709,519 U,#785d7b
2710,5195,#593344
2711,5195 C,#684458
2712,5195 U,#816b77
2713,520,#703572
2714,520 C,#662e6b
2715,520 U,#825e86
2716,5205,#8e6877
2717,5205 C,#886378
2718,5205 U,#907b89
2719,521,#b58cb2
2720,521 C,#a87eb1
2721,521 U,#aa89b4
2722,5215,#b5939b
2723,5215 C,#b095a5
2724,5215 U,#a28c9a
2725,522,#c6a3c1
2726,522 C,#bd9bc4
2727,522 U,#be9dc5
2728,5225,#ccadaf
2729,5225 C,#c8afbb
2730,5225 U,#c3abb8
2731,523,#d3b7cc
2732,523 C,#ccb0cf
2733,523 U,#d2b5d4
2734,5235,#ddc6c4
2735,5235 C,#d2bdc6
2736,5235 U,#d6c2ca
2737,524,#e2ccd3
2738,524 C,#d7c2d6
2739,524 U,#dcc4dc
2740,5245,#e5d3cc
2741,5245 C,#ddcdd2
2742,5245 U,#dfcfd4
2743,525,#512654
2744,525 C,#592b5e
2745,525 U,#735675
2746,5255,#35264f
2747,5255 C,#1e1933
2748,5255 U,#5d566c
2749,526,#68217a
2750,526 C,#742f8a
2751,526 U,#815790
2752,5265,#493d63
2753,5265 C,#40395f
2754,5265 U,#6e6a81
2755,527,#7a1e99
2756,527 C,#8430a6
2757,527 U,#945fae
2758,5275,#605677
2759,5275 C,#5a5377
2760,5275 U,#797891
2761,528,#af72c1
2762,528 C,#ba80d0
2763,528 U,#ba88d2
2764,5285,#8c8299
2765,5285 C,#8e88a3
2766,5285 U,#9593ab
2767,529,#cea3d3
2768,529 C,#cea1dc
2769,529 U,#cfa3e0
2770,5295,#b2a8b5
2771,5295 C,#b4afc3
2772,5295 U,#b1adc3
2773,530,#d6afd6
2774,530 C,#dab7e2
2775,530 U,#dcb8e7
2776,5305,#ccc1c6
2777,5305 C,#c7c3d1
2778,5305 U,#c4c1d1
2779,531,#e5c6db
2780,531 C,#e2c7e6
2781,531 U,#e4c6ea
2782,5315,#dbd3d3
2783,5315 C,#dad6de
2784,5315 U,#dad7e1
2785,532,#353842
2786,532 C,#1c1e29
2787,532 U,#5b5a62
2788,533,#353f5b
2789,533 C,#212844
2790,533 U,#5e6378
2791,534,#3a4972
2792,534 C,#1e345d
2793,534 U,#5a6783
2794,535,#9ba3b7
2795,535 C,#8e9ebc
2796,535 U,#8b9cb8
2797,536,#adb2c1
2798,536 C,#a2b1c8
2799,536 U,#a2b4ca
2800,537,#c4c6ce
2801,537 C,#bbc6d6
2802,537 U,#bbc9d9
2803,538,#d6d3d6
2804,538 C,#c6cfda
2805,538 U,#ccd5e0
2806,539,#003049
2807,539 C,#002539
2808,539 U,#455063
2809,5395,#02283a
2810,5395 C,#0a1e2c
2811,5395 U,#464a58
2812,540,#00335b
2813,540 C,#002f56
2814,540 U,#3f506e
2815,5405,#3f6075
2816,5405 C,#4f738a
2817,5405 U,#596e80
2818,541,#003f77
2819,541 C,#003b70
2820,541 U,#38547a
2821,5415,#607c8c
2822,5415 C,#5d7e95
2823,5415 U,#657d91
2824,542,#6693bc
2825,542 C,#7cadd3
2826,542 U,#679ac6
2827,5425,#8499a5
2828,5425 C,#7c97ab
2829,5425 U,#7891a4
2830,543,#93b7d1
2831,543 C,#a4c7e2
2832,543 U,#78a9d2
2833,5435,#afbcbf
2834,5435 C,#a7bac8
2835,5435 U,#9cb3c4
2836,544,#b7ccdb
2837,544 C,#bfd4e6
2838,544 U,#96bfde
2839,5445,#c4cccc
2840,5445 C,#b8c7d3
2841,5445 U,#b3c6d2
2842,545,#c4d3dd
2843,545 C,#c7d9e6
2844,545 U,#accde5
2845,5455,#d6d8d3
2846,5455 C,#bfcdd4
2847,5455 U,#c7d5df
2848,546,#0c3844
2849,546 C,#08292f
2850,546 U,#444e57
2851,5463,#00353a
2852,5463 C,#08262c
2853,5463 U,#3d4d56
2854,5467,#193833
2855,5467 C,#1a322e
2856,5467 U,#535e5e
2857,547,#003f54
2858,547 C,#002f3b
2859,547 U,#415766
2860,5473,#26686d
2861,5473 C,#095c66
2862,5473 U,#4f6c75
2863,5477,#3a564f
2864,5477 C,#3f5b57
2865,5477 U,#5e6f6f
2866,548,#004459
2867,548 C,#003b4c
2868,548 U,#3e5c6f
2869,5483,#609191
2870,5483 C,#4d858d
2871,5483 U,#5c8088
2872,5487,#667c72
2873,5487 C,#5f7774
2874,5487 U,#687b7d
2875,549,#5e99aa
2876,549 C,#6aa2b8
2877,549 U,#6797ad
2878,5493,#8cafad
2879,5493 C,#7ea7ac
2880,5493 U,#739aa2
2881,5497,#91a399
2882,5497 C,#849794
2883,5497 U,#819393
2884,550,#87afbf
2885,550 C,#8db7c9
2886,550 U,#78a8be
2887,5503,#aac4bf
2888,5503 C,#93b6bb
2889,5503 U,#91b5bb
2890,5507,#afbab2
2891,5507 C,#9daeab
2892,5507 U,#96a7a6
2893,551,#a3c1c9
2894,551 C,#a4c5d2
2895,551 U,#95becd
2896,5513,#ced8d1
2897,5513 C,#acc6c8
2898,5513 U,#abc8cc
2899,5517,#c9cec4
2900,5517 C,#b2bfbb
2901,5517 U,#a7b8b7
2902,552,#c4d6d6
2903,552 C,#bbd2db
2904,552 U,#aecddb
2905,5523,#d6ddd6
2906,5523 C,#b7cecf
2907,5523 U,#bbd4d5
2908,5527,#ced1c6
2909,5527 C,#bcc7c4
2910,5527 U,#b7c6c3
2911,553,#234435
2912,553 C,#2a4633
2913,553 U,#59675c
2914,5535,#213d30
2915,5535 C,#172f28
2916,5535 U,#475855
2917,554,#195e47
2918,554 C,#225a40
2919,554 U,#567465
2920,5545,#4f6d5e
2921,5545 C,#43685a
2922,5545 U,#5f756f
2923,555,#076d54
2924,555 C,#2c704f
2925,555 U,#557c6a
2926,5555,#779182
2927,5555 C,#5b7f70
2928,5555 U,#738c86
2929,556,#7aa891
2930,556 C,#70a087
2931,556 U,#719b8b
2932,5565,#96aa99
2933,5565 C,#7e9c90
2934,5565 U,#87a19a
2935,557,#a3c1ad
2936,557 C,#87af99
2937,557 U,#88b09e
2938,5575,#afbfad
2939,5575 C,#92aba0
2940,5575 U,#9bb3aa
2941,558,#b7cebc
2942,558 C,#9bbdaa
2943,558 U,#99bead
2944,5585,#c4cebf
2945,5585 C,#a6bcb0
2946,5585 U,#a1b8af
2947,559,#c6d6c4
2948,559 C,#afc9b8
2949,559 U,#b5d0c0
2950,5595,#d8dbcc
2951,5595 C,#becdc2
2952,5595 U,#bfd1c7
2953,560,#2b4c3f
2954,560 C,#1b3c33
2955,560 U,#495d5b
2956,5605,#233a2d
2957,5605 C,#22362a
2958,5605 U,#5e685e
2959,561,#266659
2960,561 C,#00584d
2961,561 U,#446c68
2962,5615,#546856
2963,5615 C,#5e7260
2964,5615 U,#6a776f
2965,562,#1e7a6d
2966,562 C,#006e62
2967,562 U,#3e7f7b
2968,5625,#728470
2969,5625 C,#728472
2970,5625 U,#79877f
2971,563,#7fbcaa
2972,563 C,#67baaf
2973,563 U,#71b8b0
2974,5635,#9eaa99
2975,5635 C,#95a495
2976,5635 U,#8d9c94
2977,564,#05705e
2978,564 C,#82c7bc
2979,564 U,#82c5bb
2980,5645,#bcc1b2
2981,5645 C,#a4b1a3
2982,5645 U,#9faea5
2983,565,#bcdbcc
2984,565 C,#9fd4c9
2985,565 U,#8dd0c4
2986,5655,#c6ccba
2987,5655 C,#b2bcaf
2988,5655 U,#b3beb4
2989,566,#d1e2d3
2990,566 C,#b7dbd1
2991,566 U,#b0e0d6
2992,5665,#d6d6c6
2993,5665 C,#bcc4b9
2994,5665 U,#bac6bc
2995,567,#265142
2996,567 C,#163d34
2997,567 U,#49625d
2998,568 C,#006a5a
2999,568 U,#427f76
3000,569,#008772
3001,569 C,#007f6d
3002,569 U,#238d81
3003,570,#7fc6b2
3004,570 C,#69c9b9
3005,570 U,#5bc1b3
3006,571,#aadbc6
3007,571 C,#94dace
3008,571 U,#80d6c7
3009,572,#bce2ce
3010,572 C,#a2ded2
3011,572 U,#90dccf
3012,573,#cce5d6
3013,573 C,#b4e1d8
3014,573 U,#b8e8de
3015,574,#495928
3016,574 C,#4e5a30
3017,574 U,#697155
3018,5743,#3f4926
3019,5743 C,#404726
3020,5743 U,#636951
3021,5747,#424716
3022,5747 C,#3e431c
3023,5747 U,#6f734d
3024,575,#547730
3025,575 C,#69813a
3026,575 U,#6f8256
3027,5753,#5e663a
3028,5753 C,#606637
3029,5753 U,#747b60
3030,5757,#6b702b
3031,5757 C,#6c702d
3032,5757 U,#80845b
3033,576,#608e3a
3034,576 C,#7a9b49
3035,576 U,#7b9961
3036,5763,#777c4f
3037,5763 C,#767a4c
3038,5763 U,#7d856c
3039,5767,#8c914f
3040,5767 C,#8c8c48
3041,5767 U,#93966b
3042,577,#b5cc8e
3043,577 C,#abc27e
3044,577 U,#93b279
3045,5773,#9b9e72
3046,5773 C,#8a8f64
3047,5773 U,#98a084
3048,5777,#aaad75
3049,5777 C,#a2a467
3050,5777 U,#a5a87a
3051,578,#c6d6a0
3052,578 C,#b8cd95
3053,578 U,#a7c28d
3054,5783,#b5b58e
3055,5783 C,#a4a982
3056,5783 U,#b4b99e
3057,5787,#c6c699
3058,5787 C,#babc89
3059,5787 U,#babd90
3060,579,#c9d6a3
3061,579 C,#bfcf9a
3062,579 U,#b9cf9d
3063,5793,#c6c6a5
3064,5793 C,#b4b794
3065,5793 U,#c5c8ae
3066,5797,#d3d1aa
3067,5797 C,#c7c79a
3068,5797 U,#c6c99b
3069,580,#d8ddb5
3070,580 C,#c5d4a3
3071,580 U,#cadaac
3072,5803,#d8d6b7
3073,5803 C,#c4c6a6
3074,5803 U,#d0d1b8
3075,5807,#e0ddbc
3076,5807 C,#d1d0a9
3077,5807 U,#d1d2a9
3078,581,#605e11
3079,581 C,#645c20
3080,581 U,#787449
3081,5815,#494411
3082,5815 C,#564f23
3083,5815 U,#726e4a
3084,582,#878905
3085,582 C,#918c10
3086,582 U,#919044
3087,5825,#75702b
3088,5825 C,#8b803a
3089,5825 U,#8a855c
3090,583,#aaba0a
3091,583 C,#b9be10
3092,583 U,#a5b13e
3093,5835,#9e9959
3094,5835 C,#a19856
3095,5835 U,#948e65
3096,584,#ced649
3097,584 C,#d5d654
3098,584 U,#ced564
3099,5845,#b2aa70
3100,5845 C,#b1a96e
3101,5845 U,#a7a274
3102,585,#dbe06b
3103,585 C,#dedd6e
3104,585 U,#e3e584
3105,5855,#ccc693
3106,5855 C,#c1ba85
3107,5855 U,#bcb788
3108,586,#e2e584
3109,586 C,#e3e17b
3110,586 U,#e6e786
3111,5865,#d6cea3
3112,5865 U,#cec794
3113,587,#e8e89b
3114,587 C,#e5e38c
3115,587 U,#eceb97
3116,5875,#e0dbb5
3117,5875 C,#d5cd9e
3118,5875 U,#d7d19f
3119,600,#f4edaf
3120,600 C,#f2ea9a
3121,600 U,#faf19b
3122,601,#f2ed9e
3123,601 C,#f2e88e
3124,601 U,#f7ee8d
3125,602,#f2ea87
3126,602 C,#f2e77a
3127,602 U,#f7ec81
3128,603,#ede85b
3129,603 C,#efe048
3130,603 U,#f4e461
3131,604,#e8dd21
3132,604 C,#edda22
3133,604 U,#eeda4c
3134,605,#ddce11
3135,605 C,#e2cc00
3136,605 U,#e1cb38
3137,606,#d3bf11
3138,606 C,#d1b400
3139,606 U,#cfb724
3140,607,#f2eabc
3141,607 C,#ede499
3142,607 U,#f3e9a1
3143,608,#efe8ad
3144,608 C,#eae085
3145,608 U,#f0e590
3146,609,#eae596
3147,609 C,#e9dc75
3148,609 U,#ebde80
3149,610,#e2db72
3150,610 C,#e2d354
3151,610 U,#dfd166
3152,611,#d6ce49
3153,611 C,#d8c722
3154,611 U,#c8b84e
3155,612,#c4ba00
3156,612 C,#c7b000
3157,612 U,#b7a63e
3158,613,#afa00c
3159,613 C,#b59a00
3160,613 U,#a29335
3161,614,#eae2b7
3162,614 C,#ddd498
3163,614 U,#e2d8a1
3164,615,#e2dbaa
3165,615 C,#d7cd8c
3166,615 U,#dacf94
3167,616,#ddd69b
3168,616 C,#d2c780
3169,616 U,#cec387
3170,617,#ccc47c
3171,617 C,#c1b45f
3172,617 U,#bcb174
3173,618,#b5aa59
3174,618 C,#ad9d3b
3175,618 U,#a69c62
3176,619,#968c28
3177,619 C,#a09028
3178,619 U,#968c53
3179,620,#847711
3180,620 C,#8c7a16
3181,620 U,#877e48
3182,621,#d8ddce
3183,621 C,#d0e0d7
3184,621 U,#c7ded3
3185,622,#c1d1bf
3186,622 C,#b8ccc2
3187,622 U,#b0cbc1
3188,623,#a5bfaa
3189,623 C,#9ab8ac
3190,623 U,#95b4aa
3191,624,#7fa08c
3192,624 C,#789d90
3193,624 U,#809f97
3194,625,#5b8772
3195,625 C,#4f7e70
3196,625 U,#698882
3197,626,#21543f
3198,626 C,#255b4d
3199,626 U,#58746e
3200,627,#0c3026
3201,627 C,#12312a
3202,627 U,#425b57
3203,628,#cce2dd
3204,628 C,#b8dce1
3205,628 U,#b3dee6
3206,629,#b2d8d8
3207,629 C,#99d1dc
3208,629 U,#8acedd
3209,630,#8cccd3
3210,630 C,#76c3d4
3211,630 U,#72c2d7
3212,631,#54b7c6
3213,631 C,#3ab0c8
3214,631 U,#4fb0cb
3215,632,#00a0ba
3216,632 C,#0091b2
3217,632 U,#3096b4
3218,633,#007f99
3219,633 C,#007197
3220,633 U,#21809e
3221,634,#00667f
3222,634 C,#005c82
3223,634 U,#1a6c8a
3224,635,#bae0e0
3225,635 C,#a3d9e7
3226,635 U,#a9e1ee
3227,636,#99d6dd
3228,636 C,#89d2e6
3229,636 U,#85d7ee
3230,637,#6bc9db
3231,637 C,#4dc1df
3232,637 U,#58c6e5
3233,638,#00b5d6
3234,638 U,#28b5de
3235,639,#00a0c4
3236,639 C,#0093c9
3237,639 U,#009bcd
3238,640,#008cb2
3239,640 C,#0080bb
3240,640 U,#0088b9
3241,641,#007aa5
3242,641 C,#0065a0
3243,641 U,#0076a6
3244,642,#d1d8d8
3245,642 C,#d4dce5
3246,642 U,#d1deea
3247,643,#c6d1d6
3248,643 C,#c7d4e2
3249,643 U,#bfd1e4
3250,644,#9bafc4
3251,644 C,#9cb6d2
3252,644 U,#9db7d3
3253,645,#7796b2
3254,645 C,#7da0c3
3255,645 U,#83a1c4
3256,646,#5e82a3
3257,646 C,#5d89b3
3258,646 U,#6c8baf
3259,647,#26547c
3260,647 C,#265f92
3261,647 U,#5c799c
3262,648,#00305e
3263,648 C,#002c5c
3264,648 U,#4e6080
3265,649,#d6d6d8
3266,649 C,#dce1e9
3267,649 U,#dee6ed
3268,650,#bfc6d1
3269,650 C,#cfd9e5
3270,650 U,#d6dfea
3271,651,#9baabf
3272,651 C,#a8bbd5
3273,651 U,#afc2dc
3274,652,#6d87a8
3275,652 C,#7e9abf
3276,652 U,#89a1c3
3277,653,#335687
3278,653 C,#346094
3279,653 U,#687fa4
3280,654,#0f2b5b
3281,654 C,#00396f
3282,654 U,#53688c
3283,655,#0c1c47
3284,655 C,#002453
3285,655 U,#4d5b7e
3286,656,#d6dbe0
3287,656 C,#dee3eb
3288,656 U,#e1e9f2
3289,657,#c1c9dd
3290,657 C,#cad7eb
3291,657 U,#d5e0f1
3292,658,#a5afd6
3293,658 C,#b2c8e8
3294,658 U,#b8ceee
3295,659,#7f8cbf
3296,659 C,#7ba3dc
3297,659 U,#94b4e6
3298,660,#5960a8
3299,660 C,#407cc9
3300,660 U,#6289ca
3301,661,#2d338e
3302,661 C,#003494
3303,661 U,#4666aa
3304,662,#0c1975
3305,662 C,#001b70
3306,662 U,#415290
3307,663,#e2d3d6
3308,663 C,#e6e1e5
3309,663 U,#e1d8e1
3310,664,#d8ccd1
3311,664 C,#e1dae1
3312,664 U,#d9cfdc
3313,665,#c6b5c4
3314,665 C,#c8bbcf
3315,665 U,#c4b8ce
3316,666,#a893ad
3317,666 C,#a391b1
3318,666 U,#aea0bc
3319,667,#7f6689
3320,667 C,#7d6890
3321,667 U,#8f829f
3322,668,#664975
3323,668 C,#634b77
3324,668 U,#82728f
3325,669,#472b59
3326,669 C,#3f2a55
3327,669 U,#71627e
3328,670,#f2d6d8
3329,670 C,#edd2e1
3330,670 U,#f4d4e4
3331,671,#efc6d3
3332,671 C,#e9bbd7
3333,671 U,#f2c2dd
3334,672,#eaaac4
3335,672 C,#e39fc8
3336,672 U,#eca6cc
3337,673,#e08cb2
3338,673 C,#df84ba
3339,673 U,#e38bba
3340,674,#d36b9e
3341,674 C,#cd5599
3342,674 U,#d1709f
3343,675,#bc3877
3344,675 C,#b42371
3345,675 U,#c05f8d
3346,676,#a00054
3347,676 C,#9b004e
3348,676 U,#ac4f77
3349,677,#edd6d6
3350,677 C,#e8cddb
3351,677 U,#eed0e0
3352,678,#eaccce
3353,678 C,#e7c7d7
3354,678 U,#e8bfd3
3355,679,#e5bfc6
3356,679 C,#e0bdd2
3357,679 U,#dcabc6
3358,680,#d39eaf
3359,680 C,#cd94b3
3360,680 U,#c28aa7
3361,681,#b7728e
3362,681 C,#b46a94
3363,681 U,#a86e8c
3364,682,#a05175
3365,682 C,#9d4777
3366,682 U,#915c76
3367,683,#7f284f
3368,683 C,#7f2754
3369,683 U,#825166
3370,684,#efccce
3371,684 C,#e5c5d3
3372,684 U,#eccbd9
3373,685,#eabfc4
3374,685 C,#deb5c8
3375,685 U,#e4bdcf
3376,686,#e0aaba
3377,686 C,#d39fb7
3378,686 U,#d6a6bd
3379,687,#c9899e
3380,687 C,#c184a3
3381,687 U,#be8ca5
3382,688,#b26684
3383,688 C,#ab6388
3384,688 U,#a3728b
3385,689,#934266
3386,689 C,#8c3b66
3387,689 U,#8e6176
3388,690,#702342
3389,690 C,#64223f
3390,690 U,#7d4f5f
3391,691,#efd1c9
3392,691 C,#ecccce
3393,691 U,#f1d2d3
3394,692,#e8bfba
3395,692 C,#e6bec2
3396,693,#dba8a5
3397,693 C,#dba2aa
3398,693 U,#dba4ab
3399,694,#c98c8c
3400,694 C,#c7848f
3401,694 U,#c48c94
3402,695,#b26b70
3403,695 C,#b86b78
3404,695 U,#ad757e
3405,696,#8e4749
3406,696 C,#9b4755
3407,696 U,#99646b
3408,697,#7f383a
3409,697 C,#8c3b44
3410,697 U,#87555a
3411,698,#f7d1cc
3412,698 C,#f5d3d6
3413,698 U,#fbd6d9
3414,699,#f7bfbf
3415,699 U,#fec0c9
3416,700,#f2a5aa
3417,700 C,#f7acb8
3418,700 U,#f9a9b5
3419,701,#e8878e
3420,701 C,#ea8597
3421,701 U,#ec8e9d
3422,702,#d6606d
3423,702 C,#d75c71
3424,702 U,#db7886
3425,703,#b73844
3426,703 C,#bd3a49
3427,703 U,#b65a64
3428,704,#9e2828
3429,704 C,#a2292e
3430,704 U,#a54f56
3431,705,#f9ddd6
3432,705 C,#f8dadf
3433,705 U,#ffdce0
3434,706,#fcc9c6
3435,706 C,#f8cdd6
3436,706 U,#ffc9d2
3437,707,#fcadaf
3438,707 C,#fbb5c3
3439,707 U,#ffb0be
3440,708,#f98e99
3441,708 C,#fc91a2
3442,708 U,#ff97a6
3443,709,#f26877
3444,709 C,#f46177
3445,709 U,#f87b88
3446,710,#e04251
3447,710 C,#e73d50
3448,710 U,#e9636e
3449,711,#d12d33
3450,711 C,#d12a2e
3451,711 U,#d24f53
3452,712,#ffd3aa
3453,712 C,#ffc999
3454,712 U,#ffca9c
3455,713,#f9c9a3
3456,713 C,#ffbe84
3457,713 U,#ffc18f
3458,714,#f9ba82
3459,714 C,#ffa960
3460,714 U,#ffb078
3461,715,#fc9e49
3462,715 C,#f98d29
3463,715 U,#fb9a61
3464,716,#f28411
3465,716 C,#ed7700
3466,716 U,#eb854f
3467,717,#d36d00
3468,717 C,#d75e00
3469,717 U,#da763e
3470,718,#bf5b00
3471,718 C,#c14d00
3472,718 U,#c96d3c
3473,719,#f4d1af
3474,719 C,#eec7a1
3475,719 U,#f2c5a1
3476,720,#efc49e
3477,720 C,#e9b789
3478,720 U,#edba92
3479,721,#e8b282
3480,721 C,#dfa36c
3481,721 U,#dfa77e
3482,722,#d18e54
3483,722 C,#cb8241
3484,722 U,#cb916a
3485,723,#ba7530
3486,723 C,#b46a1f
3487,723 U,#b9825e
3488,724,#8e4905
3489,724 C,#954e0e
3490,724 U,#a6734e
3491,725,#753802
3492,725 C,#7f4014
3493,725 U,#966746
3494,726,#edd3b5
3495,726 C,#e2c19d
3496,726 U,#e8c5a8
3497,727,#e2bf9b
3498,727 C,#dcb38c
3499,727 U,#dcb495
3500,728,#d3a87c
3501,728 C,#cfa075
3502,728 U,#c9a081
3503,729,#c18e60
3504,729 C,#b7814f
3505,729 U,#bd9274
3506,730,#aa753f
3507,730 C,#a0662c
3508,730 U,#a47d61
3509,731,#723f0a
3510,731 C,#79420f
3511,731 U,#967155
3512,732,#60330a
3513,732 C,#64340f
3514,732 U,#89674c
3515,7401 C,#f8e0a4
3516,7401 U,#ffe3a4
3517,7402 C,#eed797
3518,7402 U,#f5d999
3519,7403 C,#f1d282
3520,7403 U,#f6ce81
3521,7404 C,#f7d93d
3522,7404 U,#ffcd3f
3523,7405 C,#f3cd00
3524,7405 U,#e7b107
3525,7406 C,#f4c300
3526,7406 U,#f2b726
3527,7407 C,#ce9f51
3528,7407 U,#cea36e
3529,7408 C,#f9be00
3530,7408 U,#f09d23
3531,7409 C,#f6b221
3532,7409 U,#fbac4e
3533,7410 C,#ffae75
3534,7410 U,#ffa06d
3535,7411 C,#eba55d
3536,7411 U,#eca06f
3537,7412 C,#d68230
3538,7412 U,#d18b5e
3539,7413 C,#e18431
3540,7413 U,#e28758
3541,7414 C,#c46c13
3542,7414 U,#c27e51
3543,7415 C,#eab8a6
3544,7415 U,#eeb3a4
3545,7416 C,#eb6851
3546,7416 U,#f0716a
3547,7417 C,#e84a37
3548,7417 U,#ed6960
3549,7418 C,#d15458
3550,7418 U,#c16364
3551,7419 C,#b24b58
3552,7419 U,#a66269
3553,7420 C,#a02040
3554,7420 U,#a75767
3555,7421 C,#6a1a31
3556,7421 U,#7e4d5a
3557,7422 C,#f6cdd3
3558,7422 U,#fdd4d8
3559,7423 C,#e46285
3560,7423 U,#e7758d
3561,7424 C,#e74582
3562,7424 U,#dc567a
3563,7425 C,#ba2253
3564,7425 U,#be5a72
3565,7426 C,#a80f3d
3566,7426 U,#b55469
3567,7427 C,#9d162e
3568,7427 U,#a9515c
3569,7428 C,#6d2a3c
3570,7428 U,#815b65
3571,7429 C,#e5bac9
3572,7429 U,#eecbd8
3573,7430 C,#e0a8be
3574,7430 U,#e8b4c8
3575,7431 C,#ce7e9c
3576,7431 U,#dfa1b8
3577,7432 C,#bb5a7f
3578,7432 U,#c78099
3579,7433 C,#ad3863
3580,7433 U,#bb6e87
3581,7434 C,#9f3058
3582,7434 U,#ab667b
3583,7435 C,#8a244e
3584,7435 U,#8e556a
3585,7436 C,#f2dae9
3586,7436 U,#f4d4ec
3587,7437 C,#cfacce
3588,7437 U,#d6b4d4
3589,7438 C,#d89dd7
3590,7438 U,#da9ad6
3591,7439 C,#b687b8
3592,7439 U,#c19cc5
3593,7440 C,#a776a5
3594,7440 U,#b894b8
3595,7441 C,#a25cbf
3596,7441 U,#b07dc9
3597,7442 C,#9a3cbb
3598,7442 U,#9e62bb
3599,7443 C,#dedae8
3600,7443 U,#ddd7ea
3601,7444 C,#b7b8dc
3602,7444 U,#bcbce1
3603,7445 C,#a8a1c1
3604,7445 U,#aca7c6
3605,7446 C,#8c85c9
3606,7446 U,#9491cf
3607,7447 C,#604775
3608,7447 U,#7e7292
3609,7448 C,#4c374b
3610,7448 U,#726774
3611,7449 C,#43263a
3612,7449 U,#63505b
3613,7450 C,#bec3d9
3614,7450 U,#c2c9df
3615,7451 C,#89a9e2
3616,7451 U,#93b1e9
3617,7452 C,#8193dc
3618,7452 U,#8fa0e4
3619,7453 C,#7ca4dd
3620,7453 U,#85abe3
3621,7454 C,#618db4
3622,7454 U,#7597bb
3623,7455 C,#3a5cac
3624,7455 U,#677cb8
3625,7456 C,#606db2
3626,7456 U,#7f88be
3627,7457 C,#bbdbe5
3628,7457 U,#bde1ec
3629,7458 C,#71b1c8
3630,7458 U,#65a4be
3631,7459 C,#4196b4
3632,7459 U,#4f8ca9
3633,7460 C,#0083c1
3634,7460 U,#008bc1
3635,7461 C,#007cba
3636,7461 U,#3e90c6
3637,7462 C,#00538a
3638,7462 U,#5479a2
3639,7463 C,#002a48
3640,7463 U,#50647d
3641,7464 C,#a1cfca
3642,7464 U,#a9d9d7
3643,7465 C,#3ebfac
3644,7465 U,#4dc4b5
3645,7466 C,#00adbb
3646,7466 U,#00b1bd
3647,7467 C,#00a0ae
3648,7467 U,#00a5b3
3649,7468 C,#007298
3650,7468 U,#3c7594
3651,7469 C,#005d85
3652,7469 U,#376c89
3653,7470 C,#00576f
3654,7470 U,#426f83
3655,7471 C,#7ddbd3
3656,7471 U,#79e0da
3657,7472 C,#5ab6b2
3658,7472 U,#67bcb8
3659,7473 C,#1e988a
3660,7473 U,#5ba39a
3661,7474 C,#007480
3662,7474 U,#3e8994
3663,7475 C,#46797a
3664,7475 U,#68898c
3665,7476 C,#075056
3666,7476 U,#57767b
3667,7477 C,#264b59
3668,7477 U,#5d6f78
3669,7478 C,#97e2be
3670,7478 U,#9be9c5
3671,7479 C,#05ce7b
3672,7479 U,#01c97f
3673,7480 C,#00bc6f
3674,7480 U,#00bf81
3675,7481 C,#00b44f
3676,7481 U,#00b76d
3677,7482 C,#009d4e
3678,7482 U,#1da46f
3679,7483 C,#235c37
3680,7483 U,#567662
3681,7484 U,#436d60
3682,7485 C,#d1ddba
3683,7485 U,#d5e3c0
3684,7486 C,#bcdf92
3685,7486 U,#b4e192
3686,7487 C,#8bdc64
3687,7487 U,#84df75
3688,7488 C,#72d54a
3689,7488 U,#5ace5a
3690,7489 C,#72a84f
3691,7489 U,#79a96b
3692,7490 C,#739849
3693,7490 U,#7a9d6c
3694,7491 C,#79843b
3695,7491 U,#808a60
3696,7492 C,#c2ca7f
3697,7492 U,#bcc986
3698,7493 C,#bdc391
3699,7493 U,#b5c093
3700,7494 C,#9cae87
3701,7494 U,#9dae90
3702,7495 C,#90993d
3703,7495 U,#828d58
3704,7496 C,#77871c
3705,7496 U,#738348
3706,7497 C,#7b7156
3707,7497 U,#8b8776
3708,7498 C,#5c6134
3709,7498 U,#767b63
3710,7499 C,#f2e4b1
3711,7499 U,#faecbb
3712,7500 C,#e1d0a5
3713,7500 U,#e6d4ab
3714,7501 C,#dac79d
3715,7501 U,#dfc9a4
3716,7502 C,#d1b786
3717,7502 U,#c9ae86
3718,7503 C,#ab9766
3719,7503 U,#9e9171
3720,7504 C,#96785d
3721,7504 U,#968171
3722,7505 C,#83603f
3723,7505 U,#887465
3724,7506 C,#f3dab1
3725,7506 U,#fbdfb7
3726,7507 C,#fed198
3727,7507 U,#ffdca9
3728,7508 C,#e2b77d
3729,7508 U,#e0b384
3730,7509 C,#d8a460
3731,7509 U,#d2a172
3732,7510 C,#c8893c
3733,7510 U,#be8b5f
3734,7511 C,#ba7726
3735,7511 U,#a8774f
3736,7512 C,#a86318
3737,7512 U,#986a47
3738,7513 C,#e3b6a4
3739,7513 U,#e7bab2
3740,7514 C,#d7a284
3741,7514 U,#dbaa9a
3742,7515 C,#c78b66
3743,7515 U,#c4907e
3744,7516 C,#9c542a
3745,7516 U,#a17462
3746,7517 C,#89421c
3747,7517 U,#946856
3748,7518 C,#6f4e46
3749,7518 U,#807070
3750,7519 C,#5f4a3b
3751,7519 U,#746a65
3752,7520 C,#edbeaf
3753,7520 U,#f3c4bf
3754,7521 C,#c49a81
3755,7521 U,#c7a095
3756,7522 C,#ba6954
3757,7522 U,#b27670
3758,7523 C,#af5c56
3759,7523 U,#ab7475
3760,7524 C,#a85147
3761,7524 U,#a56d69
3762,7525 C,#9f684f
3763,7525 U,#9b776e
3764,7526 C,#8d3a18
3765,7526 U,#935e50
3766,7527 C,#d7d1c4
3767,7527 U,#dcd6d1
3768,7528 C,#c7b9ab
3769,7528 U,#d2c7c3
3770,7529 C,#b7a998
3771,7529 U,#baaea8
3772,7530 C,#a49382
3773,7530 U,#a79b94
3774,7531 C,#7c6755
3775,7531 U,#8a7f78
3776,7532 C,#65503c
3777,7532 U,#786d64
3778,7533 C,#483627
3779,7533 U,#6d645b
3780,7534 C,#d3ccbc
3781,7534 U,#d0c9c2
3782,7535 C,#b8b09b
3783,7535 U,#c0b9b0
3784,7536 C,#a89f87
3785,7536 U,#afa79c
3786,7537 C,#a9aba0
3787,7537 U,#b3b7b5
3788,7538 C,#93998f
3789,7538 U,#a3a9a7
3790,7539 C,#8f8e88
3791,7539 U,#9b9d9f
3792,7540 C,#4b4e53
3793,7540 U,#6f737b
3794,7541 C,#dadfe1
3795,7541 U,#dae3e6
3796,7542 C,#a5bbc2
3797,7542 U,#b0c3cb
3798,7543 C,#98a3ad
3799,7543 U,#adb7c0
3800,7544 C,#768591
3801,7545 C,#425363
3802,7545 U,#77838e
3803,7546 C,#263645
3804,7546 U,#676f79
3805,7547 C,#141d28
3806,7547 U,#50525b
3807,7548 C,#ffc600
3808,7548 U,#ffc908
3809,7549 C,#ffb600
3810,7549 U,#ffb835
3811,7550 C,#d49000
3812,7550 U,#ce963b
3813,7551 C,#b57f00
3814,7551 U,#ae8542
3815,7552 C,#75531c
3816,7552 U,#816e49
3817,7553 C,#5c4520
3818,7553 U,#6f644a
3819,7554 C,#4c3d29
3820,7554 U,#6c6457
3821,7555 C,#d39e0a
3822,7555 U,#d8a958
3823,7556 C,#b88b1c
3824,7556 U,#bc985c
3825,7557 C,#a27c21
3826,7557 U,#a58c5d
3827,7558 C,#987023
3828,7558 U,#9a825d
3829,7559 C,#916928
3830,7559 U,#987e5e
3831,7560 C,#7f622c
3832,7560 U,#8e7d62
3833,7561 C,#6d5d34
3834,7561 U,#807863
3835,7562 C,#bf9a5e
3836,7562 U,#be9f77
3837,7563 C,#d99a29
3838,7563 U,#dba461
3839,7564 C,#de8a00
3840,7564 U,#df9856
3841,7565 C,#cf7a21
3842,7565 U,#ca8558
3843,7566 C,#b16432
3844,7566 U,#b0795d
3845,7567 C,#8b532e
3846,7567 U,#916f5b
3847,7568 C,#795034
3848,7568 U,#826b5d
3849,7569 C,#db8823
3850,7569 U,#d68d56
3851,7570 C,#d7832a
3852,7570 U,#d48c59
3853,7571 C,#ca7c30
3854,7571 U,#c5885b
3855,7572 C,#ba7131
3856,7572 U,#b37f5b
3857,7573 C,#aa6529
3858,7573 U,#aa7a57
3859,7574 C,#a26936
3860,7574 U,#9a7659
3861,7575 C,#855c31
3862,7575 U,#867058
3863,7576 C,#e1854e
3864,7576 U,#dd8d6a
3865,7577 C,#e57d3c
3866,7577 U,#e48961
3867,7578 C,#e06a2d
3868,7578 U,#df7c59
3869,7579 C,#e15829
3870,7579 U,#e27356
3871,7580 C,#c3502f
3872,7580 U,#c36c57
3873,7581 C,#894833
3874,7581 U,#916a5b
3875,7582 C,#694634
3876,7582 U,#7a675d
3877,7583 C,#c9602c
3878,7583 U,#cd7b5f
3879,7584 C,#c05626
3880,7584 U,#c37558
3881,7585 C,#b55a37
3882,7585 U,#b97865
3883,7586 C,#a3512f
3884,7586 U,#a56f5c
3885,7587 C,#964a2c
3886,7587 U,#9b6c5b
3887,7588 C,#7f4b35
3888,7588 U,#896c60
3889,7589 C,#5f4536
3890,7589 U,#746962
3891,7590 C,#d7b49d
3892,7590 U,#debba8
3893,7591 C,#c57c59
3894,7591 U,#c98b77
3895,7592 C,#b65332
3896,7592 U,#b87060
3897,7593 C,#a2402a
3898,7593 U,#a46659
3899,7594 C,#7f382b
3900,7594 U,#8c6259
3901,7595 C,#6e3c2e
3902,7595 U,#81655c
3903,7596 C,#5e3c31
3904,7596 U,#77655f
3905,7597 C,#d73f22
3906,7597 U,#db6655
3907,7598 C,#c24628
3908,7598 U,#c66b5a
3909,7599 C,#b73c24
3910,7599 U,#c0685a
3911,7600 C,#903e2a
3912,7600 U,#9d685d
3913,7601 C,#85412a
3914,7601 U,#93685b
3915,7602 C,#7d4930
3916,7602 U,#8d6e60
3917,7603 C,#69412f
3918,7603 U,#7c665c
3919,7604 C,#e7d4d2
3920,7604 U,#ebd6d4
3921,7605 C,#e5b9b3
3922,7605 U,#ecc3bd
3923,7606 C,#dc9089
3924,7606 U,#e39e99
3925,7607 C,#c86b60
3926,7607 U,#cf857f
3927,7608 C,#a9473c
3928,7608 U,#af6c66
3929,7609 C,#873934
3930,7609 U,#95645f
3931,7610 C,#6b3230
3932,7610 U,#81605c
3933,7611 C,#e1bbaf
3934,7611 U,#e8c7bd
3935,7612 C,#cd998d
3936,7612 U,#d5a99f
3937,7613 C,#bf887e
3938,7613 U,#c89e96
3939,7614 C,#a67e73
3940,7614 U,#af928b
3941,7615 C,#896760
3942,7615 U,#978380
3943,7616 C,#6d4b4b
3944,7616 U,#867372
3945,7617 C,#5a3c3c
3946,7617 U,#746464
3947,7618 C,#cc6c4e
3948,7618 U,#d48876
3949,7619 C,#c74a37
3950,7619 U,#cb6f63
3951,7620 C,#bd2e2a
3952,7620 U,#c55e59
3953,7621 C,#b21e27
3954,7621 U,#bf5b5a
3955,7622 C,#97252b
3956,7622 U,#a85c5c
3957,7623 C,#8f2829
3958,7623 U,#9f5a57
3959,7624 C,#852c2b
3960,7624 U,#8f5854
3961,7625 C,#e94e3c
3962,7625 U,#f0756c
3963,7626 C,#cb3524
3964,7626 U,#d5625c
3965,7627 C,#ab2b28
3966,7627 U,#b05856
3967,7628 C,#a22929
3968,7628 U,#a95957
3969,7629 C,#703231
3970,7629 U,#805b59
3971,7630 C,#65312f
3972,7630 U,#765856
3973,7631 C,#592d2b
3974,7631 U,#6e5552
3975,7632 C,#d8c9ca
3976,7632 U,#ddcecf
3977,7633 C,#c8a3a6
3978,7633 U,#cba9ad
3979,7634 C,#c66583
3980,7634 U,#cb7b90
3981,7635 C,#cd3161
3982,7635 U,#d1607b
3983,7636 C,#c41a49
3984,7636 U,#c8546d
3985,7637 C,#962c45
3986,7637 U,#975764
3987,7638 C,#832b40
3988,7638 U,#87555f
3989,7639 C,#956c72
3990,7639 U,#a08489
3991,7640 C,#973e53
3992,7640 U,#9d6572
3993,7641 C,#932a47
3994,7641 U,#9c5c6c
3995,7642 C,#752d49
3996,7642 U,#805666
3997,7643 C,#692c43
3998,7643 U,#7a5966
3999,7644 C,#5a2c3e
4000,7644 U,#725762
4001,7645 C,#522a38
4002,7645 U,#6c565f
4003,7646 C,#a96c86
4004,7646 U,#b38599
4005,7647 C,#ad3b72
4006,7647 U,#b46889
4007,7648 C,#9e1b64
4008,7648 U,#a1537b
4009,7649 C,#8e195f
4010,7649 U,#965278
4011,7650 C,#762056
4012,7650 U,#855472
4013,7651 C,#6d295a
4014,7651 U,#805b77
4015,7652 C,#612550
4016,7652 U,#74546b
4017,7653 C,#978693
4018,7653 U,#9d939e
4019,7654 C,#a6769a
4020,7654 U,#ac88a5
4021,7655 C,#a55a95
4022,7655 U,#ab779e
4023,7656 C,#93397f
4024,7656 U,#97638c
4025,7657 C,#702b62
4026,7657 U,#7f5876
4027,7658 C,#6d335e
4028,7658 U,#7c5d75
4029,7659 C,#5f3552
4030,7659 U,#6f596b
4031,7660 C,#9b8fa2
4032,7660 U,#9d95a8
4033,7661 C,#906c95
4034,7661 U,#957d9b
4035,7662 C,#7d4081
4036,7662 U,#86658b
4037,7663 C,#6d3075
4038,7663 U,#7b5c82
4039,7664 C,#683177
4040,7664 U,#765c83
4041,7665 C,#62366e
4042,7665 U,#735d7b
4043,7666 C,#5e4d62
4044,7666 U,#716876
4045,7667 C,#6f7ba0
4046,7667 U,#828ba8
4047,7668 C,#696d9f
4048,7668 U,#7b7fa3
4049,7669 C,#635d9b
4050,7669 U,#7777a1
4051,7670 C,#585094
4052,7670 U,#6f6d99
4053,7671 C,#544487
4054,7671 U,#6d6892
4055,7672 C,#4e4084
4056,7672 U,#6b658d
4057,7673 C,#545386
4058,7673 U,#6c6c8c
4059,7674 C,#8a8ab3
4060,7674 U,#9194b7
4061,7675 C,#7e7eaa
4062,7675 U,#868aae
4063,7676 C,#77649f
4064,7676 U,#8279a3
4065,7677 C,#725090
4066,7677 U,#7d6c96
4067,7678 C,#6a478d
4068,7678 U,#756591
4069,7679 C,#583c80
4070,7679 U,#6f618a
4071,7680 C,#543177
4072,7680 U,#69587f
4073,7681 C,#95a7cb
4074,7681 U,#9aaed0
4075,7682 C,#6986b7
4076,7682 U,#7f96c0
4077,7683 C,#446ba8
4078,7683 U,#6681ae
4079,7684 C,#365d9d
4080,7684 U,#6075a3
4081,7685 C,#2e5596
4082,7685 U,#5c709c
4083,7686 C,#1d4e8f
4084,7686 U,#536895
4085,7687 C,#1d4189
4086,7687 U,#4f5e8c
4087,7688 C,#4497cb
4088,7688 U,#5a98ca
4089,7689 C,#288dc0
4090,7689 U,#5292c2
4091,7690 C,#0075a8
4092,7690 U,#477ea7
4093,7691 C,#006097
4094,7691 U,#447097
4095,7692 C,#005486
4096,7692 U,#4a6a8c
4097,7693 C,#004876
4098,7693 U,#4a6381
4099,7694 U,#4c5f78
4100,7695 C,#7ca5ba
4101,7695 U,#80a7bc
4102,7696 C,#6199ae
4103,7696 U,#6e9aae
4104,7697 C,#4e869f
4105,7697 U,#688ea3
4106,7698 C,#41738c
4107,7698 U,#637e91
4108,7699 C,#35647d
4109,7699 U,#5c7588
4110,7700 C,#1c5a7c
4111,7700 U,#547088
4112,7701 C,#005677
4113,7701 U,#45697f
4114,7702 C,#45a7c5
4115,7702 U,#5aa8c7
4116,7703 C,#009abe
4117,7703 U,#419ebf
4118,7704 C,#0083ac
4119,7704 U,#2f89ac
4120,7705 C,#006e96
4121,7705 U,#387b9a
4122,7706 C,#00698e
4123,7706 U,#407895
4124,7707 C,#005f7f
4125,7707 U,#437288
4126,7708 C,#00546f
4127,7708 U,#41697d
4128,7709 C,#63b0bb
4129,7709 U,#6ab0bc
4130,7710 C,#00a5b5
4131,7710 U,#39a8b8
4132,7711 C,#0095a8
4133,7711 U,#009bac
4134,7712 C,#00829a
4135,7712 U,#1e899d
4136,7713 C,#007a89
4137,7713 U,#258492
4138,7714 C,#00747f
4139,7714 U,#2e7f8a
4140,7715 C,#006067
4141,7715 U,#3f6f77
4142,7716 C,#00948f
4143,7716 U,#439796
4144,7717 C,#00827d
4145,7717 U,#378c8b
4146,7718 C,#007473
4147,7718 U,#308082
4148,7719 C,#006b67
4149,7719 U,#3c7979
4150,7720 C,#00615b
4151,7720 U,#437575
4152,7721 C,#005c5c
4153,7721 U,#477174
4154,7722 C,#004f50
4155,7722 U,#48696e
4156,7723 C,#4ea585
4157,7723 U,#67aa91
4158,7724 C,#00946d
4159,7724 U,#4c9980
4160,7725 C,#008555
4161,7725 U,#358f71
4162,7726 C,#007a4b
4163,7726 U,#328369
4164,7727 C,#006d45
4165,7727 U,#3b7a64
4166,7728 C,#006645
4167,7728 U,#427665
4168,7729 C,#005744
4169,7729 U,#456e67
4170,7730 C,#4b9461
4171,7730 U,#659979
4172,7731 C,#208648
4173,7731 U,#55906b
4174,7732 C,#00783e
4175,7732 U,#468364
4176,7733 C,#006e42
4177,7733 U,#497a62
4178,7734 C,#286040
4179,7734 U,#567564
4180,7735 C,#37563c
4181,7735 U,#5f6f62
4182,7736 C,#385441
4183,7736 U,#5a6a62
4184,7737 C,#6ca438
4185,7737 U,#79aa66
4186,7738 C,#46a040
4187,7738 U,#63a768
4188,7739 C,#2e9941
4189,7739 U,#58a26a
4190,7740 C,#368f3f
4191,7740 U,#5a9665
4192,7741 C,#41873e
4193,7741 U,#649166
4194,7742 C,#48763a
4195,7742 U,#648464
4196,7743 C,#41683b
4197,7743 U,#5c735d
4198,7744 C,#babb13
4199,7744 U,#b8bc55
4200,7745 C,#abac21
4201,7745 U,#aeb25c
4202,7746 C,#9b9a30
4203,7746 U,#9b9e5f
4204,7747 C,#8a8c30
4205,7747 U,#8f9561
4206,7748 C,#7e7f34
4207,7748 U,#878b62
4208,7749 C,#737335
4209,7749 U,#7f8261
4210,7750 C,#666534
4211,7750 U,#767960
4212,7751 C,#cbb44a
4213,7751 U,#d1bc71
4214,7752 C,#d1ae1e
4215,7752 U,#d6b761
4216,7753 C,#c3a01c
4217,7753 U,#c6aa5c
4218,7754 C,#a28527
4219,7754 U,#a4905d
4220,7755 C,#8b752f
4221,7755 U,#90845f
4222,7756 C,#746635
4223,7756 U,#837c61
4224,7757 C,#695d31
4225,7757 U,#79745f
4226,7758 C,#d6c200
4227,7758 U,#dac856
4228,7759 C,#c6b200
4229,7759 U,#c8b751
4230,7760 C,#93832b
4231,7760 U,#958e5e
4232,7761 C,#757034
4233,7761 U,#828060
4234,7762 C,#5e6338
4235,7762 U,#727862
4236,7763 C,#5a5b3a
4237,7763 U,#707362
4238,7764 C,#545333
4239,7764 U,#6c6d5f
4240,7765 C,#bbb21e
4241,7765 U,#c0b95e
4242,7766 C,#b5a81b
4243,7766 U,#bcb25e
4244,7767 C,#ab9c2c
4245,7767 U,#b1a561
4246,7768 C,#8e7e33
4247,7768 U,#948b61
4248,7769 C,#726032
4249,7769 U,#80775d
4250,7770 C,#645937
4251,7770 U,#76715f
4252,7771 C,#4f4932
4253,7771 U,#666359
4254,801,#00aacc
4255,802,#60dd49
4256,803,#ffed38
4257,804,#ff9338
4258,805,#f95951
4259,806,#ff0093
4260,807,#d6009e
4261,808,#00b59b
4262,809,#dde00f
4263,810,#ffcc1e
4264,811,#ff7247
4265,812,#fc2366
4266,813,#e50099
4267,814,#8c60c1
4268,Black 2 C    ,#332e1f
4269,Black 2 U    ,#625f51
4270,Black 3 C    ,#212620
4271,Black 3 U    ,#575c58
4272,Black 4 C    ,#31251c
4273,Black 4 U    ,#685f54
4274,Black 5 C    ,#3f2a2e
4275,Black 5 U    ,#68595b
4276,Black 6 C    ,#10181f
4277,Black 6 U    ,#4a4d56
4278,Black 7 C    ,#3d3834
4279,Black 7 U    ,#6d6763
4280,Black C    ,#2e2925
4281,Black U    ,#615c59
4282,Blue 072 C,#050d9e
4283,Blue 072 U,#3943ac
4284,Bright Red C,#f93822
4285,Cool Gray 1 C,#dad8d6
4286,Cool Gray 10 C,#646469
4287,Cool Gray 10 U,#7f8286
4288,Cool Gray 11 C,#555559
4289,Cool Gray 11 U,#797c80
4290,Cool Gray 2 C,#d2cfcd
4291,Cool Gray 2 U,#cac9c8
4292,Cool Gray 3 U,#c5c3c3
4293,Cool Gray 4 C,#bcbbba
4294,Cool Gray 4 U,#b7b6b8
4295,Cool Gray 5 C,#b3b1b1
4296,Cool Gray 5 U,#abaeb0
4297,Cool Gray 6 C,#a9a8a9
4298,Cool Gray 6 U,#a2a4a6
4299,Cool Gray 7 C,#999899
4300,Cool Gray 8 C,#8a8a8d
4301,Cool Gray 8 U,#919498
4302,Cool Gray 9 C,#777779
4303,Cool Gray 9 U,#878a8e
4304,Green C,#00a887
4305,Green U,#00a88e
4306,Orange 021 C,#ff5000
4307,Orange 021 U,#ff6d2e
4308,Pink C,#d62598
4309,Process Blue C,#0081c9
4310,Process Blue U,#0081c4
4311,Purple C,#c126b8
4312,Purple U,#c252b4
4313,Red 032 C,#f6323e
4314,Red 032 U,#fd4f57
4315,Reflex Blue C,#001588
4316,Reflex Blue U,#38499b
4317,Rhodamine Red C,#e70094
4318,Rhodamine Red U,#e94b97
4319,Rubine Red C,#d60056
4320,Rubine Red U,#e1457c
4321,Violet C,#430098
4322,Violet U,#7459b1
4323,Warm Gray 1 C,#d8d1c9
4324,Warm Gray 1 U,#dbd4cd
4325,Warm Gray 10 C,#7b6d65
4326,Warm Gray 10 U,#827a78
4327,Warm Gray 11 C,#706258
4328,Warm Gray 11 U,#7d7573
4329,Warm Gray 2 C,#cdc3bb
4330,Warm Gray 2 U,#cec7c0
4331,Warm Gray 3 C,#c1b7af
4332,Warm Gray 3 U,#beb5af
4333,Warm Gray 4 C,#b6ada4
4334,Warm Gray 4 U,#b3aaa4
4335,Warm Gray 5 C,#aea198
4336,Warm Gray 5 U,#a8a09b
4337,Warm Gray 6 U,#a29a95
4338,Warm Gray 7 C,#978b82
4339,Warm Gray 7 U,#978e8a
4340,Warm Gray 8 C,#8e8279
4341,Warm Gray 8 U,#8e8682
4342,Warm Gray 9 C,#85776f
4343,Warm Gray 9 U,#867e7c
4344,Warm Red C,#ff4337
4345,Warm Red U,#ff665b
4346,Yellow 012 C,#ffd700
4347,Yellow C,#ffdd00
